"Incident ID","Incident Date",State,"City Or County",Address,"Victims Killed","Victims Injured","Suspects Killed","Suspects Injured","Suspects Arrested",Operations
2698867,"September 4, 2023","New York",Brooklyn,"Eastern Pkwy and Franklin Ave",0,0,0,1,1,N/A
2699049,"September 4, 2023",Florida,Casselberry,"30 block of Jackson Ct",0,2,0,0,1,N/A
2698782,"September 3, 2023","North Carolina",Madison,"614 Burton St",1,0,0,0,0,N/A
2698050,"September 2, 2023",Arizona,Glendale,"83rd Ave and Dreyfus Dr",0,2,0,0,0,N/A
2697322,"September 2, 2023",Illinois,Chicago,"1800 block of S Blue Island Ave",0,1,0,0,0,N/A
2696737,"September 1, 2023",Minnesota,Crosslake,"30000 block of Aspen Way",0,1,0,0,0,N/A
2696519,"September 1, 2023",Florida,Tallahassee,"522 Silver Slipper Ln",1,0,0,0,0,N/A
2697720,"September 1, 2023",Louisiana,Shreveport,"3000 block of Woodford St",0,1,0,0,0,N/A
2696701,"August 31, 2023",Wisconsin,Milwaukee,"N 13th St and W Atkinson Ave",0,1,0,0,0,N/A
2696508,"August 31, 2023","North Carolina",Statesville,"100 block of Fort Dobbs Rd",1,0,0,0,0,N/A
2695031,"August 30, 2023",Maryland,Bethesda,"5400 block of Wisconsin Ave",0,1,0,0,0,N/A
2696883,"August 30, 2023",Tennessee,Harriman,N/A,0,1,0,0,0,N/A
2694938,"August 30, 2023",Indiana,Gary,"2400 block of Fillmore St",1,0,0,0,0,N/A
2696018,"August 30, 2023",Michigan,Coldwater,"100 block of Arrowhead Dr",0,1,0,0,0,N/A
2695841,"August 30, 2023","District of Columbia",Washington,"5401 Wisconsin Ave",0,1,0,0,0,N/A
2695050,"August 30, 2023","New York","Corona (Queens)","70th St and Queens Blvd",0,1,0,1,2,N/A
2695804,"August 30, 2023",Texas,"San Antonio","611 SW Loop 410",0,1,1,0,0,N/A
2695187,"August 30, 2023",Tennessee,Memphis,"James Rd",0,1,0,0,1,N/A
2694270,"August 29, 2023","New Jersey",Trenton,"100 block of Phillips Ave",0,1,0,0,0,N/A
2694593,"August 29, 2023",Indiana,"Fort Wayne","5415 Southern Ct",1,0,0,0,0,N/A
2693931,"August 29, 2023","New York",Buffalo,"1625 Elmwood Ave",0,1,0,0,0,N/A
2694128,"August 29, 2023",Illinois,Chicago,"6800 block of S Cornell Ave",0,0,0,1,0,N/A
2693837,"August 29, 2023",Colorado,"Colorado Springs","S Hancock Ave and Pikes Peak Ave",0,1,0,0,0,N/A
2696325,"August 29, 2023",Iowa,Ottumwa,"309 S Iowa Ave",0,0,0,1,1,N/A
2693415,"August 28, 2023",Minnesota,"Minneapolis (Brooklyn Park)","7500 block of Fremont Ave N",0,1,0,0,0,N/A
2693645,"August 28, 2023",Mississippi,Kosciusko,N/A,1,0,0,0,0,N/A
2693412,"August 28, 2023",Tennessee,Memphis,"2900 block of Wedge Cove",0,1,0,0,1,N/A
2693375,"August 27, 2023",Tennessee,Rockwood,"100 block of Airport Rd",1,0,0,0,1,N/A
2692758,"August 27, 2023",California,Fortuna,"3000 block of Smith Ln",0,1,0,0,0,N/A
2694171,"August 26, 2023",Missouri,Lancaster,"403 S Green St",0,1,0,0,0,N/A
2694994,"August 26, 2023",Montana,"Columbia Falls","North Fork Rd",0,1,0,0,0,N/A
2691312,"August 26, 2023",Ohio,Akron,"1000 block of Edmeyer Ct",1,0,0,0,0,N/A
2690969,"August 26, 2023",Mississippi,Gulfport,"413 Kahler St",1,0,0,0,2,N/A
2694619,"August 26, 2023",Indiana,"Saint Paul","7880 US-421",0,1,0,0,1,N/A
2692017,"August 26, 2023","South Carolina",Florence,"1332 Rockwood Ln",0,2,0,0,0,N/A
2691395,"August 26, 2023","New York",Rochester,"780 Dewey Ave",1,0,0,0,2,N/A
2690919,"August 25, 2023",Illinois,Chicago,"333 W 35th St",0,2,0,1,0,N/A
2691238,"August 25, 2023",Indiana,Indianapolis,"3400 block of Beeler Ave",0,0,0,1,1,N/A
2693138,"August 25, 2023",Texas,Odessa,"Blue Dr",0,1,0,0,0,N/A
2691013,"August 25, 2023",California,"Los Angeles","300 E 53rd St",0,1,0,0,0,N/A
2694217,"August 25, 2023",Missouri,Florissant,"14300 block of River Oaks Ct",1,0,0,0,0,N/A
2689972,"August 24, 2023",Illinois,Chicago,"5300 block of W Madison St",0,1,0,0,0,N/A
2689709,"August 24, 2023","North Carolina",Burlington,"1500 block of Albright Ave",0,1,0,0,0,N/A
2691263,"August 24, 2023",Nevada,"Las Vegas","3600 block of Las Vegas Blvd",0,1,0,0,0,N/A
2690113,"August 24, 2023",Ohio,Youngstown,"Outlook Ave",0,1,0,0,0,N/A
2690107,"August 24, 2023",Kentucky,Hopkinsville,"Country Club Ln and E 21st St",1,0,0,0,1,N/A
2688953,"August 23, 2023",Connecticut,Hartford,"279 Martin St",0,1,0,0,0,N/A
2689874,"August 23, 2023",Maryland,Towson,"69 Cedar Ave",0,1,0,0,0,N/A
2689642,"August 23, 2023",Georgia,Waynesboro,"300 block of Usher Rd",0,1,0,0,1,N/A
2689235,"August 23, 2023",Maine,Norridgewock,"Waterville Rd",0,1,0,0,0,N/A
2688223,"August 22, 2023",Texas,Seguin,"215 Short Ave",0,0,0,0,0,N/A
2688364,"August 22, 2023","New York",Ridge,"Ticonderoga Ct",0,1,1,0,0,N/A
2688297,"August 22, 2023",Ohio,"Bedford (Bedford Heights)","Columbus Rd",0,1,0,0,0,N/A
2688216,"August 22, 2023",Florida,Miami,"10855 SW 72nd St",0,1,0,0,0,N/A
2687672,"August 21, 2023",Alabama,Sylacauga,"1001 N Broadway Ave",1,0,0,0,0,N/A
2687979,"August 21, 2023",Texas,Houston,"15491 Wallisville Rd",1,0,0,0,0,N/A
2688115,"August 20, 2023",Arizona,Flagstaff,"San Francisco St and Dupont Ave",0,0,0,1,1,N/A
2686010,"August 20, 2023",Indiana,Indianapolis,"3710 E Market St",1,0,0,0,0,N/A
2686346,"August 20, 2023",Tennessee,Memphis,"2845 Meadowlake Dr",0,1,0,0,0,N/A
2687929,"August 20, 2023",Illinois,Waukegan,"2801 W Grandville Ave",0,1,0,0,0,N/A
2686082,"August 20, 2023",Indiana,Corydon,N/A,0,1,0,0,0,N/A
2687465,"August 20, 2023","New Mexico",Roswell,"3000 block of W 8th St",1,0,0,0,0,N/A
2686569,"August 20, 2023",Illinois,Chicago,"2700 block of W 24th Pl",0,1,0,0,0,N/A
2685921,"August 20, 2023",Virginia,"Barren Springs","Lone Ash Rd",0,1,0,0,1,N/A
2688701,"August 19, 2023",Illinois,"Pekin (Marquette Heights)","200 block of Lincoln Rd",1,0,0,0,0,N/A
2686199,"August 19, 2023",Washington,Tacoma,"S 56th St and S Sheridan Ave",0,0,0,1,0,N/A
2685853,"August 19, 2023",Michigan,Detroit,"15700 block of Ward Ave",1,0,0,0,0,N/A
2686756,"August 19, 2023","South Carolina",Walterboro,"3206 Robertson Blvd",0,1,0,0,0,N/A
2685112,"August 19, 2023",California,Oakland,"1800 block of 88th Ave",0,1,0,0,0,N/A
2685564,"August 19, 2023",Kentucky,Louisville,"937 Phillips Lane",0,1,0,0,1,N/A
2687365,"August 19, 2023",Texas,Tyler,"2700 block of Donnybrook Ave",0,1,0,0,0,N/A
2685946,"August 18, 2023","New Mexico","Pinos Altos",NM-15,0,1,0,0,0,N/A
2683585,"August 17, 2023","West Virginia","Le Roy","Hartley Hollow",0,1,0,0,0,N/A
2683836,"August 17, 2023",Illinois,Chicago,"4000 block of W North Ave",0,1,0,0,0,N/A
2683645,"August 17, 2023","North Carolina",Lenoir,"Rocky Rd",0,1,0,0,0,N/A
2684662,"August 17, 2023",Arizona,Phoenix,"4044 W Black Canyon Blvd",1,0,0,0,0,N/A
2682980,"August 16, 2023",Pennsylvania,Pittsburgh,"2108 E Carson St",0,1,0,0,0,N/A
2684110,"August 16, 2023","New York","Fort Ann","3 Charles St",1,0,0,0,1,N/A
2684555,"August 16, 2023",California,Modesto,"300 block of Emerson Ave",1,0,0,0,0,N/A
2683853,"August 16, 2023",Michigan,"Battle Creek","50 block of Highway St",0,1,0,0,0,N/A
2684391,"August 16, 2023",Arkansas,"Mountain Pine","3594 Mountain Pine Rd",1,0,0,0,1,N/A
2682163,"August 15, 2023",Pennsylvania,"King Of Prussia","160 N Gulph Rd",0,0,0,1,0,N/A
2681974,"August 15, 2023",Florida,Jupiter,"6705 Mallard Cove Rd",0,1,0,1,1,N/A
2681798,"August 15, 2023",Illinois,Chicago,"3100 block of W Flournoy St",1,0,0,0,0,N/A
2683188,"August 15, 2023",Missouri,Kennett,"Lelia Dr",0,2,0,0,0,N/A
2683073,"August 15, 2023",Indiana,Martinsville,"6220 Forest Rd",0,1,0,0,0,N/A
2681264,"August 14, 2023",Florida,Jacksonville,"5500 block of S Shady Pine St",1,0,0,0,0,N/A
2681741,"August 14, 2023",Ohio,Cincinnati,"Ross Ave",0,1,0,0,0,N/A
2682562,"August 14, 2023",Florida,"Daytona Beach","458 Brentwood Dr",0,0,0,0,0,N/A
2682269,"August 14, 2023",Alaska,"Mountain View","500-block of N Lane St",0,2,0,0,0,N/A
2680515,"August 13, 2023",Illinois,Kewanee,"400 block of Rice St",0,1,0,0,0,N/A
2679844,"August 12, 2023","North Carolina",Goldsboro,"100 block of Sami St",0,1,0,0,0,N/A
2679527,"August 12, 2023",Mississippi,Ridgeland,"1200 E County Line Rd",0,1,0,1,4,N/A
2679714,"August 12, 2023",Minnesota,"Minneapolis (Brooklyn Park)","8300 block of Zane Ave N",0,1,0,0,0,N/A
2679485,"August 11, 2023",Arizona,Mesa,"Mesa Dr and Southern Ave",0,1,0,0,0,N/A
2677233,"August 10, 2023",Tennessee,Nashville,"4000 Clarksville Pike",0,1,0,1,2,N/A
2677664,"August 10, 2023",Washington,Vancouver,"3700 block of NE 111th St",0,1,0,0,1,N/A
2677831,"August 10, 2023",Louisiana,"New Orleans","8000 block of Sheephead St",1,0,0,0,1,N/A
2678704,"August 10, 2023",Connecticut,Bridgeport,"267 Grant St",0,1,0,0,0,N/A
2678656,"August 10, 2023",Ohio,"Cleveland (Shaker Heights)","3300 block of Van Aken Blvd",0,1,0,0,0,N/A
2677432,"August 9, 2023",Kentucky,"Laurel (county)",N/A,1,0,0,0,0,N/A
2676494,"August 9, 2023","North Carolina","Rocky Mount","100 block of River Run Rd",0,1,0,0,0,N/A
2681021,"August 9, 2023","North Carolina","Elizabeth City","700 block of Firetower Rd",1,0,0,0,1,N/A
2676510,"August 8, 2023",Ohio,Toledo,"828 Phillips Ave",0,1,0,0,0,N/A
2676480,"August 8, 2023",Oregon,Bend,"NE Purcell Blvd",0,1,0,0,0,N/A
2675499,"August 8, 2023",California,"Los Angeles","309 E 59th Pl",0,1,0,0,0,N/A
2676602,"August 8, 2023",Mississippi,Jackson,"2975 McDowell Rd Ext",0,1,0,0,0,N/A
2692299,"August 8, 2023",Mississippi,Belzoni,N/A,1,0,0,0,1,N/A
2677229,"August 8, 2023",Minnesota,Hinckley,"500 block of 1st St SW",1,0,0,0,0,N/A
2677070,"August 8, 2023","North Carolina","North Wilkesboro","470 N Caudill Rd",1,0,1,0,0,N/A
2675406,"August 8, 2023",Indiana,"South Bend","800 block of Amhurst Ave",1,0,0,0,0,N/A
2677521,"August 8, 2023",Virginia,Emporia,"700 block of Parham St",1,0,0,0,0,N/A
2676179,"August 7, 2023",Florida,"Cape Coral","SE 3rd Ave",0,1,0,0,1,N/A
2674125,"August 7, 2023",Missouri,"Saint Louis (Berkeley)","6698 Amora Ave",1,0,0,0,0,N/A
2677145,"August 7, 2023","North Carolina","Rocky Mount","1600 block of Vernon Rd",0,1,0,0,0,N/A
2675979,"August 7, 2023",Texas,Snyder,N/A,1,0,0,0,0,N/A
2679266,"August 6, 2023",Florida,Palatka,"Kitty Ave",0,1,0,0,0,N/A
2673093,"August 6, 2023",Louisiana,"New Orleans","8501 I-10 Service Rd",0,1,0,0,1,N/A
2673595,"August 6, 2023","North Carolina",Goldsboro,"117 Astor Ct",0,1,0,0,1,N/A
2674001,"August 6, 2023",Illinois,Gurnee,"36700 block of N Grandwood Dr",0,1,0,0,1,N/A
2673076,"August 6, 2023",Wisconsin,Milwaukee,"4616 W Hampton Ave",0,1,0,0,0,N/A
2673762,"August 6, 2023",Louisiana,"New Orleans","7700 block of Shubert St",1,0,0,0,1,N/A
2673420,"August 5, 2023",Illinois,Streator,"1700 block of N Bloomington St",1,0,0,0,1,N/A
2672884,"August 5, 2023",Texas,Graham,"300 block of Victory St",0,1,0,0,0,N/A
2672454,"August 5, 2023",Minnesota,"Saint Paul","200 block of Stinson St W",1,0,0,0,1,N/A
2673009,"August 5, 2023",Ohio,Euclid,"1600 block of Hillandale Dr",0,1,0,0,0,N/A
2672099,"August 4, 2023",Tennessee,Chattanooga,"6300 block of Fisk Ave",0,1,0,0,0,N/A
2673532,"August 4, 2023",Georgia,Cordele,"Pateville Rd and 13th St",1,0,0,0,1,N/A
2671319,"August 3, 2023",Tennessee,Springfield,"Sleepy Hollow Dr",0,1,0,0,0,N/A
2682554,"August 3, 2023",Florida,"Fort Lauderdale (Tamarac)","NW 59 Ct",0,1,0,0,0,N/A
2671640,"August 3, 2023",Texas,Houston,"4002 Corder St",0,1,0,0,1,N/A
2671229,"August 2, 2023",Tennessee,Springfield,"Blair St",0,1,0,0,0,N/A
2670622,"August 2, 2023",Minnesota,"Saint Paul","90 block of Manitoba Ave W",0,0,1,1,1,N/A
2670705,"August 2, 2023",Alabama,Mobile,"3725 Airport Blvd",0,1,0,0,0,N/A
2673332,"August 2, 2023",Texas,"El Paso","4525 Sunrise Ave",0,1,0,0,1,N/A
2670291,"August 1, 2023",Alabama,Mobile,"3725 Airport Blvd",0,1,0,0,0,N/A
2669505,"August 1, 2023",Ohio,Cleveland,"19600 block of Cherokee Ave",0,1,0,0,0,N/A
2668467,"July 31, 2023",Illinois,Chicago,"9700 block of S Merrill Ave",0,1,0,0,0,N/A
2669090,"July 31, 2023",California,Redding,"2600 block of Wilson Ave",0,0,0,1,0,N/A
2668991,"July 31, 2023",Arkansas,Lutherville,N/A,1,1,0,0,0,N/A
2667656,"July 30, 2023",Wisconsin,Milwaukee,"2600 block of W Clarke St",0,1,0,0,1,N/A
2667217,"July 30, 2023",Ohio,Cleveland,"3495 E 98th St",1,0,0,0,0,N/A
2667403,"July 30, 2023",Alabama,Prattville,N/A,1,0,0,0,0,N/A
2667635,"July 30, 2023",Tennessee,Nashville,"3400 block of Meadowlake Terrace",1,0,0,0,0,N/A
2669169,"July 30, 2023",California,"Mountain View","228 Castro St",0,1,0,1,0,N/A
2667806,"July 30, 2023",Alaska,"Mountain Village",N/A,1,0,0,0,0,N/A
2668788,"July 29, 2023",Nebraska,Crete,N/A,0,1,0,0,0,N/A
2668571,"July 28, 2023",Maine,Waldoboro,"Wagner Bridge Rd",1,0,0,0,0,N/A
2665931,"July 28, 2023",Tennessee,"Mount Juliet","100 Willow Creek Dr",0,0,0,1,0,N/A
2669355,"July 28, 2023",Florida,"Fort Pierce","1100 block of N 32nd St",0,1,0,0,0,N/A
2672756,"July 28, 2023",Mississippi,Ripley,"County Rd 419",0,1,0,0,0,N/A
2665964,"July 27, 2023",Kentucky,Pineville,"Hwy 987 Laurel Hl",0,1,0,0,1,N/A
2664700,"July 27, 2023",Pennsylvania,Philadelphia,"1600 block of N 29th St",1,0,0,0,0,N/A
2664613,"July 27, 2023",Alabama,Huntsville,"2300 block of Hammonds Ave",0,1,0,0,0,N/A
2665814,"July 27, 2023",Wisconsin,Beloit,"700 block of Highland Ave",0,1,0,0,0,N/A
2664480,"July 26, 2023",Alabama,Wetumpka,N/A,1,0,0,0,0,N/A
2663463,"July 25, 2023",Alabama,Birmingham,"208 Green Springs Ave",0,1,0,0,0,N/A
2663342,"July 25, 2023",Kentucky,London,N/A,1,0,0,0,0,N/A
2663767,"July 25, 2023","North Carolina",Fayetteville,"3300 block of Mercedes Dr",1,0,0,0,1,N/A
2663829,"July 25, 2023",Ohio,Akron,"500 block of Alexander St",0,1,0,0,0,N/A
2662841,"July 24, 2023",Illinois,Decatur,"900 block of E Harrison Ave",0,1,0,0,0,N/A
2662330,"July 24, 2023",Tennessee,Nashville,"Sterling Boone Dr and Jay St",1,0,0,0,1,N/A
2662538,"July 24, 2023",Wisconsin,Milwaukee,"6400 block of N 76th St",1,0,0,0,1,N/A
2663519,"July 24, 2023",Pennsylvania,Philadelphia,"6300 block of Reedland St",0,1,0,0,1,N/A
2662786,"July 24, 2023",Illinois,Chicago,"5600 S Shields Ave",0,1,0,0,0,N/A
2664478,"July 24, 2023",Idaho,Craigmont,N/A,0,1,0,0,0,N/A
2663492,"July 24, 2023",Virginia,Arlington,"4150 S Four Mile Run Dr",0,1,0,0,0,N/A
2662460,"July 23, 2023",Connecticut,Bridgeport,"300 block of Orchard St",0,1,0,0,0,N/A
2661201,"July 23, 2023",Texas,"San Antonio","100 block of Amires Place",0,1,0,0,0,N/A
2661554,"July 23, 2023",Pennsylvania,Jamestown,"500 block of Spring St",0,1,0,0,0,N/A
2662750,"July 23, 2023","North Dakota","Fingal (Alice)",N/A,0,1,0,0,0,N/A
2662202,"July 22, 2023",Texas,Austin,"408 E 6th St",0,2,0,0,2,N/A
2661164,"July 22, 2023",Florida,Jupiter,"Indiantown Rd and Daniels Way",1,0,0,0,1,N/A
2661272,"July 22, 2023",Georgia,Riceboro,"I-95 and Ocean Hwy",0,1,0,0,0,N/A
2661267,"July 22, 2023",Georgia,"Atlanta (Sandy Springs)","8040 Roswell Rd",0,1,0,0,0,N/A
2661602,"July 22, 2023",Ohio,Thornville,"Beaver Rd NE and Juniper Rd NE",0,1,0,0,0,N/A
2662764,"July 22, 2023",Oregon,Portland,"11500 block of SE Foster Rd",0,1,0,0,0,N/A
2660795,"July 22, 2023",Texas,Nacogdoches,"800 block of Texas Oak St",0,1,0,0,0,N/A
2659809,"July 21, 2023",Wisconsin,Milwaukee,"I-43 and Lapham Blvd",0,1,0,1,1,N/A
2660006,"July 21, 2023",Ohio,Columbus,"2400 block of Marcia Dr",0,1,0,0,0,N/A
2659702,"July 21, 2023","South Carolina","Moncks Corner","121 Avanti Lane",0,1,0,0,0,N/A
2663993,"July 21, 2023",Illinois,"East Moline","1000 block of 51st Ave",0,1,0,0,0,N/A
2662989,"July 21, 2023",Indiana,"Saint Paul","205 E Washington St",0,1,0,0,1,N/A
2659933,"July 21, 2023",Virginia,Portsmouth,"1100 block of Virginia Ave",0,1,0,0,0,N/A
2658801,"July 20, 2023","New York",Hudson,"1st St and Warren St",0,1,0,0,0,N/A
2661771,"July 20, 2023",Arizona,"Sierra Vista","3105 E Fry Blvd",0,1,0,0,0,N/A
2659174,"July 20, 2023",Louisiana,"New Orleans","7001 Martin Dr",1,0,0,0,0,N/A
2657886,"July 19, 2023",Wisconsin,Milwaukee,"5100 block of N 64th St",0,1,0,0,0,N/A
2659160,"July 19, 2023",Massachusetts,Pittsfield,"555 Hubbard Ave",0,1,0,1,0,N/A
2658264,"July 19, 2023",Pennsylvania,Philadelphia,"Ludlow St and S 52nd St",0,2,0,0,0,N/A
2657857,"July 19, 2023",Florida,"Homestead (Florida City)","33501 S Dixie Hwy",1,1,0,0,1,N/A
2657159,"July 18, 2023",Georgia,Marietta,"Miller Ave SE",0,1,0,0,0,N/A
2659574,"July 18, 2023",California,Oroville,"18th St and Tehama Ave",1,0,0,0,1,N/A
2657396,"July 18, 2023",Mississippi,Ripley,"400 E Walnut St",1,0,0,0,0,N/A
2656519,"July 17, 2023",California,Fallbrook,"1105 S Stagecoach Ln",1,0,0,0,0,N/A
2655817,"July 17, 2023",Wisconsin,Milwaukee,"9000 block of N 85th St",0,1,0,0,1,N/A
2657013,"July 16, 2023",Connecticut,"East Haven","Hughes St",0,1,0,0,0,N/A
2673502,"July 16, 2023",California,"Sylmar (Kagel Canyon)","12371 N Little Tujunga Canyon Rd",0,1,0,0,0,N/A
2658364,"July 16, 2023",Utah,"Salt Lake City",N/A,0,1,0,0,0,N/A
2656517,"July 16, 2023",Illinois,Chicago,N/A,0,1,0,0,0,N/A
2656437,"July 16, 2023",Ohio,Toledo,"800 block of Waybridge Rd",0,1,0,0,0,N/A
2654892,"July 16, 2023",Texas,Houston,"7525 Homestead Rd",1,0,0,0,0,N/A
2655419,"July 15, 2023",Nevada,"Las Vegas","9400 block of W Post Rd",1,0,0,0,0,N/A
2653850,"July 15, 2023",Texas,Houston,"9100 Mills Rd",0,1,0,0,0,N/A
2655436,"July 15, 2023",Virginia,Manassas,"8300 block of Scotland Loop",1,0,0,0,1,N/A
2653768,"July 15, 2023",Oklahoma,"Oklahoma City","30 block of SE 38th St",0,1,0,0,0,N/A
2653729,"July 15, 2023",Pennsylvania,Uniontown,"32 Wilson Ave",1,0,0,0,1,N/A
2654554,"July 15, 2023",Illinois,Bolingbrook,"700 block of Dalton Ln",1,0,1,0,0,N/A
2652874,"July 14, 2023",Texas,Houston,"3806 Faulkner St",1,0,0,0,1,N/A
2653043,"July 14, 2023","North Carolina","Rocky Mount","1000 block of Long Ave",0,1,0,0,0,N/A
2653630,"July 14, 2023","North Carolina","High Point",N/A,1,0,0,0,1,N/A
2653475,"July 14, 2023",Indiana,Indianapolis,"4900 block of Sunscape Cir",0,1,0,0,0,N/A
2653428,"July 14, 2023",Illinois,Chicago,"5300 block of S Carpenter St",0,1,0,0,1,N/A
2652378,"July 13, 2023",Arkansas,"White Hall","3500 block of Jewell Rd",0,1,0,0,0,N/A
2652247,"July 13, 2023",Massachusetts,Boston,"35 Fessenden St",1,0,0,0,0,N/A
2651916,"July 12, 2023",Hawaii,Waipahu,"93-093 Waipahu Depot Rd",0,1,0,0,0,N/A
2650463,"July 12, 2023",Illinois,Chicago,"9432 S Sangamon St",0,1,0,0,0,N/A
2651267,"July 12, 2023",Idaho,"Idaho Falls","12th St",1,0,0,0,0,N/A
2651101,"July 12, 2023",Ohio,Columbus,"5700 block of Beechcroft Rd",1,0,0,0,1,N/A
2650593,"July 11, 2023",Delaware,Millsboro,"30000 block of Cordrey Rd",0,1,0,0,0,N/A
2652113,"July 11, 2023",Texas,Houston,"11650 W Bellfort Rd",0,1,0,0,1,N/A
2649562,"July 11, 2023",Texas,"San Antonio","800 block of Schley Ave",0,1,0,0,0,N/A
2651374,"July 11, 2023",Oregon,Portland,N/A,0,1,0,1,0,N/A
2649775,"July 10, 2023","New Mexico",Albuquerque,"3802 2nd St NW",1,0,0,0,1,N/A
2650032,"July 10, 2023","North Carolina","Rocky Mount","Parrish Ct",0,1,0,0,0,N/A
2649018,"July 10, 2023",Kansas,Shawnee,"11128 W 76th Ter",0,1,0,0,0,N/A
2648657,"July 9, 2023",Nevada,"Las Vegas","5370 E Craig Rd",1,0,0,0,0,N/A
2648916,"July 9, 2023",Illinois,Waukegan,"1300 block of Grand Ave",0,2,0,0,0,N/A
2650834,"July 9, 2023",Minnesota,Atwater,"300 block of Main St S",0,1,0,0,0,N/A
2649885,"July 8, 2023",Kansas,"Overland Park",N/A,0,1,0,0,0,N/A
2648693,"July 8, 2023",California,"Rancho Cucamonga","7900 block of Etiwanda Ave",0,1,0,0,0,N/A
2647805,"July 8, 2023","New York","Huntington Station","Foxwood Dr E",0,0,0,1,1,N/A
2647236,"July 8, 2023",Texas,Laredo,"1400 block of Hibiscus Ln",0,1,0,0,1,N/A
2648437,"July 8, 2023",Texas,"San Antonio","14400 block of Old Somerset Rd",0,1,0,0,0,N/A
2650322,"July 8, 2023",Louisiana,Hammond,"1200 block of Willow St",1,0,0,0,1,N/A
2649196,"July 7, 2023",Alabama,"Phenix City","Crawford Rd and US-280",0,1,0,0,0,N/A
2646776,"July 7, 2023",Ohio,Hamilton,"1130 NW Washington Blvd",0,1,0,0,1,N/A
2646965,"July 7, 2023",Texas,Houston,"2205 Hayes Rd",1,0,0,0,0,N/A
2647250,"July 7, 2023","New York",Albany,"Second St and Lexington Ave",0,0,0,1,1,N/A
2647129,"July 7, 2023",Arizona,Phoenix,"844 E Bell Rd",1,0,0,0,0,N/A
2646750,"July 7, 2023","New York",Fishkill,"225 Rte 52",0,0,0,1,1,N/A
2647664,"July 7, 2023",Texas,Houston,"FM 1960 and Gladebrook Dr",0,1,0,0,0,N/A
2645444,"July 6, 2023",Alabama,Birmingham,"800 block of 1st St N",0,1,0,0,0,N/A
2649946,"July 6, 2023",Georgia,Atlanta,N/A,1,0,0,0,1,N/A
2645695,"July 6, 2023",Pennsylvania,"Belle Vernon","40 Gaudio Dr",0,1,0,0,0,N/A
2644381,"July 5, 2023",Texas,"Fort Worth","Bessie St",0,0,0,1,0,N/A
2644865,"July 5, 2023",Texas,"San Antonio","18700 block of Stone Oak Pkwy",0,1,0,0,0,N/A
2644861,"July 5, 2023",Iowa,Waterloo,"Greenwood Ave and Hackett Rd",0,1,0,0,0,N/A
2644804,"July 5, 2023",Florida,"North Fort Myers","Grady Dr",0,1,0,0,0,N/A
2644763,"July 5, 2023",Alabama,Fultondale,"Chapel Creek Ct",0,1,0,0,0,N/A
2644622,"July 5, 2023",Indiana,"Indianapolis (Cumberland)","600 block of Woodlark Dr",1,0,0,0,0,N/A
2643029,"July 4, 2023",Oklahoma,Choctaw,"14185 Mack Harrington",0,1,0,0,0,N/A
2644650,"July 4, 2023",Ohio,Hamilton,"116 Dayton St",0,1,0,0,0,N/A
2644612,"July 4, 2023",Louisiana,"New Orleans","2200 block of Pleasure St",0,1,0,0,0,N/A
2643923,"July 4, 2023","North Carolina","Winston Salem (Winston-salem)","1400 block of N Main St",0,1,0,0,0,N/A
2642536,"July 4, 2023",Illinois,Chicago,"2061 N Southport Ave",0,1,0,0,0,N/A
2644392,"July 4, 2023",Iowa,Dyersville,"3140 210th St",0,1,0,0,0,N/A
2645474,"July 4, 2023",Missouri,"Kansas City","4200 block of Flora Ave",0,1,0,0,0,N/A
2645470,"July 4, 2023",Missouri,"Kansas City","2300 block of E Meyer Blvd",0,1,0,0,0,N/A
2645439,"July 4, 2023",Oklahoma,Tulsa,"Riverside Dr and E 61st St",0,1,0,0,0,N/A
2644000,"July 4, 2023",Indiana,Indianapolis,N/A,0,1,0,0,0,N/A
2643990,"July 4, 2023",Indiana,Indianapolis,N/A,0,1,0,0,0,N/A
2643981,"July 4, 2023","South Carolina",Hartsville,"8th St",0,1,0,0,0,N/A
2647882,"July 4, 2023",Oregon,Independence,"Monmouth St",0,1,0,0,0,N/A
2643821,"July 4, 2023",Florida,Century,"N Century Blvd",0,1,0,0,0,N/A
2646035,"July 4, 2023",California,Redding,"19000 block of Sweetwater Trl",0,1,0,0,0,N/A
2645091,"July 4, 2023",Illinois,Chicago,"N Austin Blvd and W Lake St",0,1,0,0,0,N/A
2643959,"July 4, 2023",California,"Los Angeles","700 block of E 40th Pl",0,1,0,0,0,N/A
2645041,"July 4, 2023",Kansas,Haysville,"1600 block of S Pattie St",0,1,0,0,0,N/A
2643530,"July 4, 2023",Ohio,"Cleveland (Middleburg Heights)","7219 Engle Rd",0,1,0,0,0,N/A
2644772,"July 4, 2023",Tennessee,Nashville,"Korean Veterans Blvd",0,3,0,0,0,N/A
2642736,"July 3, 2023",Nevada,Gerlach,N/A,0,1,0,0,0,N/A
2646420,"July 3, 2023",Ohio,Farmington,SR-88,0,1,0,0,0,N/A
2642548,"July 3, 2023",Illinois,Chicago,"S Drexel Blvd and E 47th St",0,1,0,0,0,N/A
2642425,"July 3, 2023",Ohio,Findlay,"1472 Timberwood Dr",0,1,0,0,0,N/A
2642246,"July 3, 2023",Kentucky,Louisville,"1300 block of Arcade Ave",0,1,0,0,0,N/A
2642167,"July 2, 2023",Tennessee,Memphis,"3505 S Mendenhall Rd",0,1,0,0,1,N/A
2641886,"July 2, 2023",Wisconsin,Wilton,"Hwy M",0,1,0,0,0,N/A
2652929,"July 2, 2023",Florida,"North Fort Myers","Grady Dr",0,1,0,0,0,N/A
2641997,"July 2, 2023",Texas,Dallas,"8000 block of Rothington Rd",1,0,0,0,0,N/A
2640594,"July 2, 2023",Texas,"San Antonio","4032 E Southcross Blvd",0,1,0,0,0,N/A
2641530,"July 2, 2023",California,"Long Beach","1500 block of W Burnett St",0,1,0,0,0,N/A
2640737,"July 2, 2023",Arizona,Yuma,"W 1st St and S Ave B",1,0,0,0,2,N/A
2642573,"July 2, 2023",Illinois,Rockford,"3900 block of 15th Ave",0,1,0,0,0,N/A
2655182,"July 2, 2023",Iowa,"Webster City","408 Grove St",0,1,0,0,0,N/A
2640997,"July 1, 2023",Texas,Beaumont,"7130 Eastex Fwy",0,1,0,0,0,N/A
2640031,"July 1, 2023",Illinois,Chicago,"3800 block of W Roosevelt Rd",0,2,0,0,0,N/A
2641410,"July 1, 2023",Illinois,Rockford,"3900 block of 15th Ave",0,1,0,0,0,N/A
2641270,"July 1, 2023","New Jersey",Emerson,"150 Main St",1,0,0,0,0,N/A
2640949,"July 1, 2023",Washington,Puyallup,"623 9th Ave SW",0,1,0,0,0,N/A
2641209,"July 1, 2023",Connecticut,Manchester,"286 Broad St",0,1,0,0,0,N/A
2640149,"July 1, 2023","New York",Bronx,"Union Ave and E 156th St",0,1,0,0,0,N/A
2639419,"June 30, 2023",Alabama,Birmingham,"2615 Tempest Dr SW",1,0,0,0,0,N/A
2639043,"June 30, 2023",Ohio,Dayton,"3440 Salem Ave",0,1,0,0,0,N/A
2646679,"June 30, 2023",Florida,"Spring Hill","6400 Shoal Line Blvd",0,0,0,1,1,N/A
2639265,"June 30, 2023",Texas,Gilchrist,N/A,0,1,0,0,0,N/A
2639797,"June 30, 2023","South Carolina",Columbia,"House St and Millwood Ave",0,1,0,0,0,N/A
2638956,"June 30, 2023",Pennsylvania,Pittsburgh,"Brownsville Rd and Overbrook Ave",0,1,0,0,0,N/A
2641287,"June 30, 2023",Kentucky,Louisville,"100 block of Cambridge Dr",1,0,0,0,1,N/A
2638668,"June 29, 2023",Tennessee,Nashville,"905 1st Ave S",1,0,0,0,0,N/A
2639364,"June 29, 2023",Texas,Houston,"1600 block of Des Chaumes St",0,1,0,0,1,N/A
2638533,"June 29, 2023","South Carolina",Summerville,"Barberry St",1,0,0,0,0,N/A
2651296,"June 29, 2023",Arkansas,Osceola,"Nickerson St",1,0,0,0,1,N/A
2637721,"June 28, 2023",Tennessee,Knoxville,"124 S Cruze St",0,1,0,0,1,N/A
2638485,"June 28, 2023",Michigan,Kalamazoo,"1600 block of Fulton St",0,1,0,0,0,N/A
2638247,"June 28, 2023",California,Oakland,"90 block of Broadway",0,1,0,0,0,N/A
2638175,"June 28, 2023",Colorado,"Colorado Springs","3600 block of El Morro Rd",0,0,0,1,0,N/A
2639846,"June 28, 2023","North Carolina",Goldsboro,"1807 E Ash St",0,1,0,0,0,N/A
2636578,"June 27, 2023","New York",Bronx,"936 Rev James Polite Ave",1,1,1,0,0,N/A
2637495,"June 27, 2023",Pennsylvania,Washington,"200 block of Ridge Ave",0,1,0,0,0,N/A
2637682,"June 27, 2023",Florida,"Port Saint Lucie","100 block of NW Curry St",0,1,0,0,1,N/A
2638220,"June 27, 2023",Indiana,"South Bend","1100 block of Milton St",0,1,0,0,0,N/A
2635956,"June 26, 2023","South Carolina",Columbia,"1200 block of Rabon Pond Dr",1,0,0,0,0,N/A
2636871,"June 26, 2023",Tennessee,Memphis,"900 block of Randle St",0,1,0,0,0,N/A
2635675,"June 26, 2023",California,"San Diego","2000 block of Logan Ave",0,1,0,0,0,N/A
2638579,"June 26, 2023",Nevada,"Spring Valley","S Decatur Blvd and W Hacienda Ave",0,1,0,0,0,N/A
2637230,"June 26, 2023",Ohio,Columbus,"800 block of Chittenden Ave",0,1,0,0,0,N/A
2647418,"June 26, 2023",Connecticut,Naugatuck,"Margaret Cir",0,1,0,0,0,N/A
2635377,"June 25, 2023",Virginia,Charlottesville,"200 block of South Street West",1,0,0,0,0,N/A
2635390,"June 25, 2023",Wisconsin,Milwaukee,"1500 block of N 22nd St",0,1,0,0,0,N/A
2635302,"June 25, 2023",Kansas,Derby,"400 block of N Baltimore Ave",0,1,0,0,0,N/A
2635711,"June 25, 2023",Florida,"Green Cove Springs","Spruce St",0,1,0,0,0,N/A
2636247,"June 25, 2023",Ohio,"Canal Winchester","3306 Stamford Bridge",0,1,0,0,0,N/A
2635316,"June 25, 2023",Oklahoma,"Oklahoma City","3030 S Prospect Ave",0,1,0,0,0,N/A
2635070,"June 24, 2023",Florida,Orlando,"10700 block of International Dr",1,0,0,0,0,N/A
2645934,"June 24, 2023","New York",Rochester,"Second St",0,0,0,1,1,N/A
2633837,"June 23, 2023",Michigan,Detroit,"15700 block of Wabash St",0,1,0,0,0,N/A
2634254,"June 23, 2023",Minnesota,Moorhead,"900 block of 19th St S",1,0,0,0,0,N/A
2633976,"June 23, 2023",Alabama,Ashford,"7200 block of US Hwy 84",0,1,0,0,2,N/A
2632525,"June 22, 2023",Missouri,"Saint Louis","5200 block of Wells Ave",0,1,0,0,0,N/A
2632313,"June 22, 2023",Kentucky,Robards,"13000 US Hwy 41",0,1,0,0,0,N/A
2633246,"June 22, 2023",California,Fresno,"2570 S East Ave",0,1,0,0,0,N/A
2632308,"June 22, 2023",Michigan,Detroit,"16000 block of Fordham St",1,0,0,0,0,N/A
2632793,"June 22, 2023",Connecticut,Ansonia,"407 Main St",0,0,0,1,1,N/A
2634076,"June 22, 2023",Washington,Lakewood,"Commercial St SW and Woodlawn St SW",1,0,0,0,1,N/A
2633956,"June 22, 2023",Alabama,Decatur,"300 Beltline Rd SW",0,1,0,1,0,N/A
2631770,"June 21, 2023",California,Oakland,"200 block of Embarcadero",1,0,0,0,0,N/A
2632303,"June 21, 2023",Texas,Galveston,"3900 block of Winnie St",0,1,0,0,0,N/A
2633026,"June 21, 2023",Georgia,Riverdale,"Pointe S Pkwy and Thomas Rd",0,1,0,0,1,N/A
2630934,"June 20, 2023",Florida,Homestead,"500 block of NE 20th Ave",0,1,0,0,1,N/A
2631206,"June 20, 2023",Ohio,Columbus,"4370 Le Marie Court",0,2,0,0,1,N/A
2630346,"June 19, 2023","New York",Rochester,"Harding Rd and Lake Ave",1,0,0,0,0,N/A
2631010,"June 19, 2023",Texas,"Fort Worth","5500 block of Brentwood Stair Rd",1,0,0,0,0,N/A
2629429,"June 19, 2023",Indiana,Milroy,"S 400 W and W 650 S",0,2,0,0,0,N/A
2630367,"June 19, 2023","New York",Bronx,"1790 Story Ave",0,1,0,0,0,N/A
2630184,"June 19, 2023",Kentucky,Mckee,"Coal Rd",1,0,0,0,0,N/A
2633003,"June 18, 2023","New York",Gloversville,"69 Fremont St",1,0,0,0,0,N/A
2629936,"June 18, 2023",Virginia,"Manakin Sabot","Nelwood Rd",1,0,0,0,0,N/A
2629918,"June 18, 2023",Mississippi,Columbus,"200 block of Miller Ln",0,1,0,0,0,N/A
2629887,"June 18, 2023",Illinois,Salem,"1900 block of Yards Rd",0,1,0,0,0,N/A
2627622,"June 17, 2023",Pennsylvania,"Upper Darby","700 block of Copley Rd",0,1,0,1,1,N/A
2627339,"June 17, 2023",Indiana,"Indianapolis (Lawrence)","5812 Beatle Dr",1,1,0,0,0,N/A
2628641,"June 17, 2023",Ohio,Cleves,"8015 Furlong Dr",0,1,0,0,0,N/A
2627199,"June 17, 2023",Indiana,Indianapolis,"W 34th St and Moller Rd",0,4,0,0,0,N/A
2627649,"June 17, 2023",Virginia,Petersburg,"200 block of Juniper Rd",1,0,0,0,0,N/A
2629129,"June 17, 2023",Ohio,"Dayton (Moraine)","3500 block of Beechgrove Rd",0,1,0,0,0,N/A
2629891,"June 17, 2023",Tennessee,Memphis,"250 Peabody Pl",0,1,0,0,1,N/A
2630216,"June 17, 2023",Oklahoma,"Oklahoma City","NW 9th St and Hudson Ave",0,2,0,0,0,N/A
2627081,"June 16, 2023",Ohio,Norwalk,"Woodlawn Ave",1,0,0,0,0,N/A
2637687,"June 16, 2023","North Carolina",Butner,"East B St",0,1,0,0,0,N/A
2627465,"June 16, 2023",Indiana,"Fort Wayne","Coldwater Road",0,0,0,1,0,N/A
2628058,"June 16, 2023",Washington,Redmond,"15916 NE 83rd St",0,2,0,0,1,N/A
2626968,"June 16, 2023",California,"Los Angeles","1800 Academy Dr",0,1,0,0,0,N/A
2627212,"June 16, 2023",Louisiana,Marrero,"2700 block of Colony Ct",0,1,0,0,0,N/A
2626096,"June 15, 2023",Tennessee,Nashville,"4646 Nolensville Pike",0,1,0,0,0,N/A
2627235,"June 15, 2023",Mississippi,Gulfport,"W Angela Cir",0,1,0,0,0,N/A
2626383,"June 15, 2023",Florida,"Fort Pierce","1700 S 23rd St",0,1,0,0,0,N/A
2644808,"June 15, 2023",Oregon,Portland,"3817 SE 182nd Ave",0,1,0,0,0,N/A
2624950,"June 14, 2023",Minnesota,Minneapolis,"2150 W River Pkwy",0,1,0,0,0,N/A
2629317,"June 14, 2023",Illinois,Kankakee,N/A,0,1,0,0,0,N/A
2626288,"June 14, 2023","New Jersey",Trenton,"1300 block of Princeton Ave",1,0,0,0,0,N/A
2625194,"June 14, 2023",Florida,"Palm Harbor","3709 Cheltenham Dr",0,1,0,0,1,N/A
2626219,"June 14, 2023",Georgia,Atlanta,"3208 Oakwood Village Ln",0,1,0,0,0,N/A
2625506,"June 14, 2023",Alabama,Dothan,"N Range St",0,1,0,0,0,N/A
2625127,"June 13, 2023",Tennessee,Memphis,"Old Allen St and Hawkins Mill Rd",0,1,0,0,0,N/A
2623987,"June 13, 2023",Indiana,Indianapolis,"1500 block of N Ritter Ave",0,1,0,0,0,N/A
2623785,"June 12, 2023",Ohio,Columbus,"1368 St Clair Ave",0,1,0,0,0,N/A
2624241,"June 12, 2023",Ohio,Andover,"5700 block of Creek Rd",0,1,0,0,0,N/A
2622948,"June 12, 2023",Indiana,Indianapolis,N/A,0,1,0,0,0,N/A
2624125,"June 12, 2023",Georgia,Brunswick,"Roswell Dr",0,1,0,0,0,N/A
2622474,"June 11, 2023","South Carolina","Murrells Inlet","Coquina Ave",1,0,0,0,0,N/A
2622419,"June 11, 2023",Illinois,Chicago,"50 block of W 95th St",0,3,0,0,0,N/A
2622674,"June 11, 2023",Michigan,Howell,"1900 block of Oak Squire Ln",1,0,0,0,0,N/A
2623054,"June 11, 2023",Colorado,"Colorado Springs","3600 N Cascade Ave",0,0,0,1,1,N/A
2622574,"June 11, 2023","South Carolina",Columbia,"7708 Fairfield Rd",1,0,0,0,0,N/A
2621809,"June 10, 2023","South Carolina",Columbia,"3200 block of Rosewood Dr",0,1,0,0,0,N/A
2628821,"June 10, 2023",Arkansas,Saffell,"Lawrence Rd 358",0,1,0,0,0,N/A
2621730,"June 10, 2023",Kentucky,Hopkinsville,"307 S Main St",0,1,0,0,0,N/A
2622735,"June 10, 2023",Texas,Beaumont,"4050 Reed St",1,1,0,0,1,N/A
2623186,"June 10, 2023",Mississippi,Bruce,"100 block of McAlpine St",0,1,0,1,1,N/A
2631112,"June 10, 2023",Arizona,Safford,"N Sochi Ln",0,1,0,0,0,N/A
2621382,"June 9, 2023",Indiana,Indianapolis,"4100 block of S Post Rd",0,1,0,0,0,N/A
2621406,"June 9, 2023",Indiana,Indianapolis,"1232 N Tuxedo St",0,1,0,0,1,N/A
2621926,"June 9, 2023",Pennsylvania,Scranton,"701 Graham St",0,1,0,0,0,N/A
2621392,"June 9, 2023",Indiana,Indianapolis,"4038 Breton St",0,1,0,0,0,N/A
2621832,"June 9, 2023",Pennsylvania,Philadelphia,"5700 block of Elmwood Ave",1,1,0,0,0,N/A
2621481,"June 9, 2023",Texas,Houston,"3000 block of Buck St",0,1,0,0,1,N/A
2624754,"June 9, 2023",Oklahoma,"Oklahoma City","I-44 and N Pennsylvania Ave",0,1,0,0,0,N/A
2620762,"June 8, 2023",Mississippi,Columbia,"Ratliff Loop",0,1,0,0,0,N/A
2620817,"June 8, 2023",Texas,"San Juan","1600 block of E 7th St",0,1,0,0,0,N/A
2619368,"June 7, 2023",Illinois,Chicago,"5401 S Wentworth Ave",0,1,0,1,0,N/A
2619834,"June 7, 2023",Texas,Houston,"3000 block of Buck St",0,1,0,0,0,N/A
2620271,"June 7, 2023",Texas,Austin,"6800 block of W Courtyard Dr",1,0,0,0,0,N/A
2619523,"June 7, 2023",Tennessee,"Ashland City","2099 Bearwallow Rd",0,1,0,0,0,N/A
2619526,"June 7, 2023",Michigan,Detroit,"600 block of Tennessee St",0,1,0,0,0,N/A
2619937,"June 7, 2023",Indiana,Evansville,"800 block of Independence Ave",0,1,0,0,0,N/A
2619057,"June 7, 2023",Indiana,Evansville,"Ravenswood Dr and S Linwood Ave",0,1,0,0,0,N/A
2619631,"June 7, 2023",Georgia,Alpharetta,"1000 North Point Cir",0,2,0,0,1,N/A
2619838,"June 7, 2023",Texas,Houston,"5200 Griggs Rd",0,1,0,0,0,N/A
2618440,"June 6, 2023",Louisiana,Shreveport,"2600 Greenwood Rd",0,1,0,0,0,N/A
2619245,"June 6, 2023",Texas,Euless,"13900 Trinity Blvd",0,1,0,0,0,N/A
2618877,"June 6, 2023",California,"Santa Clarita",N/A,0,1,0,0,0,N/A
2619021,"June 6, 2023","South Carolina",Aiken,"1002 Monterey Dr",0,1,0,0,0,N/A
2638265,"June 6, 2023",Indiana,Hammond,"6405 Kennedy Ave",0,1,0,0,1,N/A
2617295,"June 5, 2023",Tennessee,Covington,"1400 block of Whitehorn Rd",0,1,0,0,1,N/A
2617837,"June 5, 2023",Ohio,Dayton,"N Monmouth St and E 3rd St",0,1,0,1,1,N/A
2617449,"June 5, 2023",Tennessee,Memphis,"3000 block of Douglass Ave",0,3,0,0,0,N/A
2620788,"June 4, 2023",Texas,Cisco,N/A,1,0,0,0,0,N/A
2617856,"June 4, 2023",Massachusetts,"New Bedford","1669 Acushnet Ave",0,1,0,0,0,N/A
2615340,"June 3, 2023",Texas,Houston,"3810 Little York Rd",0,0,0,1,0,N/A
2615598,"June 3, 2023",Tennessee,Collierville,"712 W Poplar Ave",1,0,0,0,0,N/A
2617107,"June 3, 2023",California,"La Puente",N/A,0,1,0,0,0,N/A
2615784,"June 3, 2023",Texas,"San Antonio","11300 block of Woollcott St",1,0,0,0,0,N/A
2618310,"June 3, 2023",Georgia,"Atlanta (East Point)","E Washington Ave",1,0,0,0,0,N/A
2619699,"June 3, 2023","New Jersey",Berlin,"224 New Brooklyn Rd",0,1,0,0,0,N/A
2617293,"June 3, 2023","New Jersey",Berlin,"200 block of New Brooklyn Rd",0,1,0,0,0,N/A
2616632,"June 3, 2023",Ohio,Columbus,"777 Kinnear Rd",0,1,0,0,0,N/A
2617681,"June 2, 2023",Kentucky,Radcliff,"1451 W Lincoln Trail Blvd",0,1,0,0,0,N/A
2615729,"June 2, 2023",Florida,Jacksonville,"7200 Arlington Expy",0,1,0,0,0,N/A
2616022,"June 2, 2023",Illinois,"Vernon Hills","300 block of Plumwood Ln",0,1,0,0,1,N/A
2615420,"June 2, 2023",Texas,Houston,"8400 block of Parasol Ln",0,1,0,0,0,N/A
2615932,"June 2, 2023",Idaho,Pocatello,"1400 W Quinn Rd",0,1,0,0,0,N/A
2614858,"June 1, 2023",Florida,Orlando,"1800 block of Powers Dr",0,1,0,0,0,N/A
2613908,"June 1, 2023",Missouri,"Saint Louis","3100 block of Brantner Pl",1,0,0,0,0,N/A
2668670,"May 31, 2023",Ohio,Cincinnati,N/A,0,1,0,0,1,N/A
2613423,"May 31, 2023",Illinois,"River Grove","2400 block of West St",1,0,0,0,0,N/A
2613829,"May 31, 2023",Indiana,Indianapolis,"5244 E 32nd St",0,1,0,0,0,N/A
2613838,"May 31, 2023",California,Oakland,"68th Ave and MacArthur Blvd",0,1,0,0,0,N/A
2613751,"May 31, 2023",Illinois,Chicago,"50 block of W Van Buren St",0,1,0,1,1,N/A
2613691,"May 31, 2023",Alabama,Huntsville,"6900 block of Steeplechase Dr",0,1,0,0,0,N/A
2616689,"May 30, 2023",Wisconsin,Kenosha,"5000 block of 40th Ave",0,1,0,0,1,N/A
2613673,"May 30, 2023",Alabama,Troy,"900 block of Pike County Lake Rd",1,0,0,0,1,N/A
2613189,"May 30, 2023",Texas,Abilene,"1000 block of E Lake Rd",0,1,0,0,0,N/A
2612268,"May 30, 2023",Ohio,Cleveland,"5400 block of Archmere Ave",0,1,0,0,0,N/A
2612210,"May 30, 2023",Indiana,Indianapolis,"3000 block of Heather Ridge Dr",0,1,0,0,0,N/A
2650609,"May 30, 2023",Texas,Mcallen,"100 block of N 20th St",0,1,0,0,0,N/A
2612021,"May 30, 2023",Maryland,Bladensburg,"5100 block of Upshur St",0,1,0,0,0,N/A
2611680,"May 29, 2023",Connecticut,Hartford,"255 Sisson Ave",0,1,0,1,0,N/A
2638429,"May 29, 2023",Pennsylvania,"Shavertown (Jackson Township)",N/A,0,1,0,0,0,N/A
2611417,"May 29, 2023",Florida,Bonifay,"115 Washington Dr",1,0,0,0,0,N/A
2611380,"May 29, 2023",Oklahoma,Tulsa,"S Harvard Ave and E 13th St",0,1,0,0,0,N/A
2614060,"May 29, 2023",Texas,Cisco,N/A,1,0,0,0,0,N/A
2611541,"May 29, 2023",Georgia,Grovetown,"4105 Sterlington Dr",1,0,0,0,0,N/A
2669900,"May 29, 2023",Arkansas,"Hot Springs National Park (Hot Springs)","200 Springwood Rd",1,0,0,0,1,N/A
2612706,"May 28, 2023",Alabama,Centre,N/A,0,1,0,0,4,N/A
2610816,"May 28, 2023",Pennsylvania,Philadelphia,"1400 block of 15th St",0,1,0,0,0,N/A
2610784,"May 28, 2023",Mississippi,Meridian,"1180 Sandflat Rd",0,1,0,0,0,N/A
2610852,"May 28, 2023","New Mexico",Albuquerque,"920 Louisiana Blvd SE",1,1,0,0,1,N/A
2610993,"May 28, 2023",Illinois,Chicago,"7900 block of S Hermitage Ave",0,1,0,0,0,N/A
2613017,"May 28, 2023",Indiana,"Crown Point","12000 block of Burr St",1,0,0,0,1,N/A
2610898,"May 28, 2023",Arizona,Tolleson,"93rd Ave and McKinley St",0,1,0,0,1,N/A
2611105,"May 28, 2023",Illinois,"Fox Lake","50 block of Howard Ave",0,1,1,0,0,N/A
2610187,"May 28, 2023",Illinois,Chicago,"600 block of W Barry Ave",0,3,0,0,0,N/A
2610625,"May 28, 2023","New York","Staten Island","2270 Clove Rd",0,1,0,0,0,N/A
2612824,"May 28, 2023","New Hampshire",Goffstown,N/A,0,1,0,0,0,N/A
2610712,"May 28, 2023",Illinois,Chicago,"1500 block of W Jonquil Terrace",0,1,0,0,0,N/A
2669596,"May 27, 2023",Montana,Libby,"Farm to Market Rd",1,0,0,0,1,N/A
2609669,"May 27, 2023",Illinois,Chicago,"333 N Dearborn St",0,1,0,1,1,N/A
2609677,"May 27, 2023",Florida,"Hallandale (Hallandale Beach)","I-95 and Hallandale Beach Blvd",0,1,0,0,0,N/A
2609673,"May 27, 2023",Florida,"Pompano Beach","4020 NE 5th Ave",1,0,0,0,0,N/A
2609601,"May 27, 2023",Illinois,Chicago,"7900 block of S Ashland Ave",1,3,0,0,0,N/A
2613488,"May 26, 2023",Virginia,Manassas,"8025 Ashland Ave",0,1,0,0,0,N/A
2609099,"May 26, 2023","South Carolina",Dillon,"Mt Calvary Road",1,0,0,0,0,N/A
2609088,"May 26, 2023",Missouri,"Saint Louis","5900 block of Sherry Ave",0,2,0,0,0,N/A
2613009,"May 26, 2023","New Mexico","Las Vegas",N/A,0,1,0,0,1,N/A
2609512,"May 26, 2023",Georgia,Lagrange,"2457 Cameron Mill Rd",0,1,0,0,0,N/A
2609440,"May 26, 2023",California,Oakland,"5100 block of International Blvd",0,1,0,0,0,N/A
2608769,"May 25, 2023",Illinois,Matteson,"800 block of Campus Ave",1,1,0,0,0,N/A
2608031,"May 25, 2023",Illinois,Chicago,"12054 S Princeton Ave",0,1,0,0,0,N/A
2614047,"May 25, 2023","North Carolina",Andrews,"1101 Main St",0,1,0,0,0,N/A
2609083,"May 24, 2023",Ohio,Ashtabula,"Fort Ave",0,1,0,0,1,N/A
2607428,"May 24, 2023",Ohio,Cleveland,"3353 E 128th St",0,1,0,0,0,N/A
2607980,"May 24, 2023",Wisconsin,Racine,"Delamere Ave and 11th St",0,1,0,0,0,N/A
2608404,"May 24, 2023","New Jersey",Newark,"200 block of Hunterdon St",0,1,0,0,0,N/A
2606700,"May 23, 2023",Louisiana,"Baton Rouge","4500 block of Sherwood St",0,1,0,0,0,N/A
2607032,"May 22, 2023",Texas,Spring,"Cypresswood Dr and Quailgate Dr",0,1,0,0,0,N/A
2605866,"May 22, 2023","North Carolina",Vale,"9600 block of Reepsville Rd",0,1,0,0,0,N/A
2605406,"May 22, 2023",Massachusetts,Danvers,"72 Spring St",0,0,0,0,0,N/A
2604990,"May 21, 2023",Illinois,Bridgeview,"9140 S Harlem Ave",0,2,0,0,0,N/A
2604216,"May 21, 2023",Illinois,Chicago,"1700 block of N DuSable Lake Shore Dr",0,1,0,0,1,N/A
2604901,"May 21, 2023",California,"Redwood City","750 Marshall St",0,1,0,0,0,N/A
2608476,"May 21, 2023",Michigan,Quincy,"1080 E Chicago Rd",0,1,0,0,0,N/A
2604229,"May 21, 2023",Illinois,"South Holland","501 E 170th St",0,1,0,0,0,N/A
2604303,"May 20, 2023",Kentucky,Louisville,"Greenwood Ave and S 32nd St",0,1,0,0,0,N/A
2604188,"May 20, 2023","New York",Preble,"Rt 11",0,1,0,0,1,N/A
2604924,"May 20, 2023",Michigan,"Harper Woods","19000 block of Washtenaw St",0,1,0,0,0,N/A
2604816,"May 20, 2023",California,Bakersfield,"1529 19th St",0,1,0,1,1,N/A
2603227,"May 20, 2023",Michigan,Detroit,"Burlingame St and Lawton St",0,1,0,0,0,N/A
2605527,"May 20, 2023",Ohio,Struthers,"100 block of Morrison St",0,1,0,0,0,N/A
2606150,"May 19, 2023",Virginia,"Front Royal","Strasburg Rd",0,1,0,0,1,N/A
2602868,"May 19, 2023",Kentucky,Louisville,"200 block of W Woodlawn Ave",0,1,0,0,0,N/A
2603082,"May 19, 2023",Michigan,"Grand Rapids (Kentwood)","2700 Mariner Dr SE",1,0,0,0,0,N/A
2602419,"May 19, 2023",Indiana,Indianapolis,"1000 block of Laclede St",0,1,0,1,0,N/A
2605010,"May 19, 2023",Ohio,Akron,"800 block of Hayden Ave",0,1,0,1,0,N/A
2602568,"May 18, 2023","North Carolina",Charlotte,"Sycamore Hill Dr",0,2,0,0,0,N/A
2601808,"May 18, 2023","North Carolina",Thomasville,"100 block of Johnia Ct",1,0,0,0,1,N/A
2606845,"May 18, 2023","New Jersey","Wildwood (Wildwood Crest)",N/A,0,0,0,1,1,N/A
2602425,"May 18, 2023",Indiana,Lafayette,"3000 block of Mount Ct",0,2,0,0,0,N/A
2605694,"May 18, 2023",Georgia,Macon,"3559 Joycliff Rd",1,0,0,0,1,N/A
2602266,"May 18, 2023",Arkansas,"North Little Rock","5800 block of Lynch Dr",1,0,0,0,1,N/A
2603124,"May 17, 2023",Louisiana,Hammond,"S Airport Rd",0,1,0,0,1,N/A
2602866,"May 17, 2023",California,Berkeley,"3100 block of Shattuck Ave",0,1,0,0,0,N/A
2601042,"May 17, 2023",Tennessee,Memphis,"3553 Hallbrook St",0,1,0,0,0,N/A
2603000,"May 17, 2023",Ohio,Bainbridge,"Pine Top Rd",0,1,0,0,0,N/A
2600563,"May 17, 2023",California,"Santa Monica","800 block of Second St",0,1,0,0,0,N/A
2600715,"May 17, 2023",Pennsylvania,Philadelphia,"N 21st St and W Diamond St",0,2,0,0,0,N/A
2601092,"May 17, 2023",Alaska,Anchorage,"5081 Mountain View Dr",0,0,0,1,0,N/A
2602212,"May 17, 2023",Ohio,Toledo,"100 block of Caroline Ave",0,1,0,0,0,N/A
2600897,"May 16, 2023",Texas,Houston,"17100 block of Sunshine St",0,1,0,0,0,N/A
2600418,"May 15, 2023",Pennsylvania,"Cogan Station","600 block of PA-973",0,1,0,0,0,N/A
2599185,"May 14, 2023",Tennessee,Clarksville,"3050 Wilma Rudolph Blvd",0,1,0,0,0,N/A
2598157,"May 14, 2023",Louisiana,Houma,"Suthon Ave and 3rd St",0,1,0,0,0,N/A
2598139,"May 14, 2023",Virginia,"Stuarts Draft","2900 block of Stuarts Draft Hwy",0,1,0,1,1,N/A
2598115,"May 14, 2023",Tennessee,Memphis,"52 E Biscayne Rd",1,0,0,0,0,N/A
2597845,"May 14, 2023",Maryland,Baltimore,"1927 McCulloh St",0,1,0,0,1,N/A
2597736,"May 14, 2023",Illinois,Chicago,"6 W Hubbard St",0,3,0,0,0,N/A
2599623,"May 14, 2023",Ohio,Toledo,"1000 block of Norwood Ave",0,1,0,0,0,N/A
2600282,"May 13, 2023","West Virginia","Saint Albans","600 block of Walden Ln",1,0,0,0,0,N/A
2598191,"May 13, 2023",Pennsylvania,Nesquehoning,"Hunter St",0,0,0,2,0,N/A
2597975,"May 13, 2023",Indiana,Indianapolis,N/A,0,1,0,0,0,N/A
2597973,"May 13, 2023",Indiana,Indianapolis,"1900 block of E 35th St",0,1,0,0,0,N/A
2600320,"May 13, 2023",Louisiana,"Baton Rouge","12254 La Margie Ave",0,2,0,0,0,N/A
2597719,"May 13, 2023",Ohio,Cleveland,"800 block of Selwyn Rd",0,1,0,0,0,N/A
2598306,"May 13, 2023",Alabama,Cloverdale,"May Branch Loop Rd",0,1,0,0,0,N/A
2598351,"May 13, 2023",Minnesota,Duluth,"100 block of E 3rd St",0,1,0,0,1,N/A
2597381,"May 13, 2023",Missouri,"Lees Summit","2300 block of SE King St",1,0,0,0,1,N/A
2598552,"May 12, 2023",Ohio,Akron,"1100 block of 7th Ave",0,1,0,0,1,N/A
2596883,"May 12, 2023",Indiana,Indianapolis,"1355 N Kealing Ave",1,0,0,0,0,N/A
2596323,"May 12, 2023",Wisconsin,Kenosha,"29th Ave and 51st St",0,1,0,0,1,N/A
2596076,"May 12, 2023",California,Stockton,"800 block of Flint Ave",1,0,0,0,1,N/A
2597223,"May 12, 2023",Maryland,"Upper Marlboro (Largo)","67 Harry S Truman Dr",0,1,0,0,0,N/A
2597139,"May 12, 2023",California,"Los Angeles","S Central Ave and E 74th St",1,0,0,0,0,N/A
2596876,"May 12, 2023",Tennessee,"Lenoir City","1485 Old Hwy 95",1,0,0,0,0,N/A
2599480,"May 12, 2023",Alabama,Semmes,"Western Hills Dr S",1,0,0,1,0,N/A
2597307,"May 12, 2023",Massachusetts,Boston,"868 Blue Hill Ave",0,0,0,1,1,N/A
2596243,"May 11, 2023",Indiana,"Fort Wayne","5428 New Haven Ave",0,1,0,0,0,N/A
2596127,"May 11, 2023",Indiana,Indianapolis,"200 block of N Forest Ave",0,1,0,0,0,N/A
2594197,"May 10, 2023",Minnesota,Minneapolis,"400 block of W Franklin Ave",0,1,0,0,0,N/A
2597087,"May 10, 2023",Illinois,Rockford,N/A,0,1,0,0,0,N/A
2595440,"May 9, 2023",Michigan,Saginaw,"S Washington Ave and Hess Ave",0,1,0,0,0,N/A
2593238,"May 9, 2023",Georgia,"Atlanta (College Park)","5301 Aldredge Rd SW",0,1,0,0,0,N/A
2593242,"May 8, 2023",Georgia,Athens,"3637 Atlanta Hwy",0,1,0,0,0,N/A
2595201,"May 8, 2023",Missouri,Clark,N/A,0,1,0,0,1,N/A
2591768,"May 8, 2023",Minnesota,Minneapolis,"15 W Diamond Lake Rd",0,1,0,0,0,N/A
2594311,"May 8, 2023",Indiana,Indianapolis,"7601 Carlton Arms Dr",1,0,0,0,1,N/A
2591797,"May 8, 2023",Nevada,"Las Vegas","2436 N Pecos Rd",0,1,0,0,2,N/A
2592909,"May 8, 2023",Kentucky,Cumberland,"US 119",0,1,0,0,0,N/A
2590645,"May 7, 2023",Texas,Cypress,"19700 block of Redwood Manor Ln",1,0,0,0,1,N/A
2591265,"May 7, 2023","West Virginia",Morgantown,"501 Van Voorhis Rd",1,0,0,0,0,N/A
2591841,"May 7, 2023",Indiana,Indianapolis,N/A,0,1,0,0,0,N/A
2594317,"May 7, 2023",Illinois,Chicago,"700 block of N Lorel Ave",0,1,0,0,0,N/A
2591213,"May 7, 2023",Alabama,Hartselle,"I-65 and AL-36",0,1,0,0,0,N/A
2592913,"May 7, 2023",Oregon,Sutherlin,"121 Ponderosa Dr",0,1,0,0,0,N/A
2593770,"May 7, 2023",Ohio,Cleveland,"2000 block of W 91st St",0,1,0,0,0,N/A
2592479,"May 6, 2023","South Carolina","Goose Creek","College Park Rd and S University Dr",0,1,0,0,1,N/A
2590936,"May 6, 2023",Illinois,Chicago,"1300 block of W 47th St",0,1,0,0,0,N/A
2600305,"May 6, 2023",Louisiana,Shreveport,"2100 block of Grimmett Dr",0,1,0,0,1,N/A
2591681,"May 6, 2023",Georgia,Atlanta,"3200 Stone Rd",0,1,0,0,0,N/A
2591632,"May 6, 2023",California,"Bass Lake","Rd 222 and Rd 274",0,1,0,0,0,N/A
2590550,"May 6, 2023",Texas,"San Antonio","1300 block of W Agarita Ave",0,1,0,0,0,N/A
2590702,"May 6, 2023",Indiana,Martinsville,"6220 Forest Rd",0,2,0,0,0,N/A
2591219,"May 5, 2023",Alabama,Mobile,"424 N Broad St",0,1,0,0,1,N/A
2596088,"May 5, 2023","North Carolina",Belvidere,"Hickory Cross Rd",1,0,0,0,0,N/A
2589864,"May 5, 2023",Illinois,Champaign,"2500 block of W Springfield Ave",0,1,0,0,0,N/A
2591185,"May 5, 2023",Washington,"West Richland","30000 block of Kennedy Rd",0,1,0,0,1,N/A
2589497,"May 5, 2023",Virginia,Norfolk,"5700 block of Chesapeake Blvd",0,1,0,0,0,N/A
2596939,"May 5, 2023",Connecticut,Enfield,"Buchanan Rd",0,1,0,0,0,N/A
2588575,"May 4, 2023",Indiana,Franklin,"1579 N Morton St",0,1,0,0,0,N/A
2589077,"May 4, 2023",Ohio,Mansfield,"Lind Ave",0,1,0,0,0,N/A
2614716,"May 4, 2023",Texas,Pasadena,"1700 block of Pasadena Blvd",0,2,0,0,0,N/A
2589520,"May 4, 2023",Texas,Weslaco,"100 block of E I-2 Frontage Rd",0,1,0,0,1,N/A
2588983,"May 4, 2023",Louisiana,Shreveport,"600 block of W 62nd St",0,1,0,0,0,N/A
2589676,"May 4, 2023",Missouri,Sedalia,"2400 block of W 3rd St",0,1,0,0,0,N/A
2588041,"May 3, 2023",Tennessee,Memphis,"1500 block of Michigan St",0,1,0,0,0,N/A
2588052,"May 3, 2023",Minnesota,"Bayport (Baytown Township)","Northbrook Blvd N and 51st St N",0,1,0,0,0,N/A
2588037,"May 3, 2023",Wisconsin,Milwaukee,"3900 block of S 76th St",0,1,0,0,1,N/A
2587491,"May 3, 2023",Georgia,Atlanta,"2400 Parkland Dr NE",0,1,0,0,0,N/A
2587109,"May 2, 2023",Ohio,Lebanon,"1530 Walmart Dr",0,1,0,1,1,N/A
2586998,"May 2, 2023",Missouri,"Saint Louis","5800 block of Selber Ct",0,1,0,0,0,N/A
2587851,"May 2, 2023",Missouri,Jackson,"Hill Rd",0,1,0,0,0,N/A
2587574,"May 2, 2023",Minnesota,"Saint Paul","235 Marshall Ave",0,0,0,1,0,N/A
2585973,"May 1, 2023",Michigan,Ypsilanti,"McGregor Ave and S Grove St",0,0,0,1,1,N/A
2584797,"April 30, 2023","New York",Rochester,"Canfield Rd",0,1,0,0,0,N/A
2585157,"April 30, 2023",Pennsylvania,Philadelphia,"1500 block of Taney St",0,1,0,0,1,N/A
2586758,"April 29, 2023",Wisconsin,Madison,"N Thompson Dr and O'brien Ct",0,1,0,0,1,N/A
2586419,"April 29, 2023",Ohio,"Dayton (Riverside)","400 block of Crystal Dr",0,1,0,0,1,N/A
2584836,"April 29, 2023",Indiana,Edinburgh,"600 block of S Pleasant St",1,0,0,0,1,N/A
2584870,"April 29, 2023","North Carolina",Cary,N/A,0,1,0,0,0,N/A
2585499,"April 29, 2023",Arizona,Prescott,"840 Rodeo Dr",0,1,0,0,1,N/A
2585628,"April 29, 2023",Texas,Texarkana,"4303 N Park Rd",0,1,0,0,2,N/A
2584608,"April 29, 2023","Rhode Island",Pawtucket,"300 block of Lonsdale Ave",0,2,0,0,0,N/A
2584945,"April 29, 2023",Florida,"Fort Myers","1527 Hendry St",0,1,0,0,1,N/A
2583815,"April 28, 2023",Missouri,"Saint Louis","5700 block of Kingsbury Pl",0,1,0,1,1,N/A
2583557,"April 28, 2023",Tennessee,Knoxville,"3300 Sutherland Ave",0,1,0,0,1,N/A
2583900,"April 28, 2023",Ohio,Cleveland,"E 129th St and Craven Ave",0,1,0,0,0,N/A
2582578,"April 27, 2023",Texas,"San Antonio","9900 block of Kents Store",1,0,0,0,0,N/A
2582593,"April 26, 2023",Georgia,Lagrange,"1200 Whitesville Rd",1,0,0,0,0,N/A
2583511,"April 26, 2023",California,Salinas,N/A,1,0,0,0,0,N/A
2582872,"April 26, 2023",Mississippi,Newton,"100 block of Oak Ridge Dr",0,1,0,0,0,N/A
2582432,"April 26, 2023",Louisiana,"West Monroe","S 1st St",0,1,0,0,0,N/A
2582663,"April 26, 2023",Florida,Miami,"100 block of NW 83rd St",1,0,0,0,1,N/A
2590339,"April 24, 2023","North Carolina",Charlotte,"3203 Queen City Dr",0,2,0,0,1,N/A
2580190,"April 24, 2023",Michigan,"Utica (Shelby Township)","12277 Conservation Trl",0,1,0,0,0,N/A
2580079,"April 24, 2023",Pennsylvania,Philadelphia,"200 block of W Fisher Ave",0,1,0,0,1,N/A
2580696,"April 24, 2023",Kentucky,Louisville,"3200 block of Fordhaven Rd",0,1,0,0,1,N/A
2579347,"April 23, 2023",Michigan,Detroit,"Elmhurst St and Cloverlawn Ave",0,1,0,0,0,N/A
2581678,"April 23, 2023",Ohio,Cleveland,"3800 block of W 34th St",0,1,0,0,0,N/A
2579517,"April 22, 2023",Texas,"Wichita Falls","2800 block of Featherston Ave",1,0,0,0,1,N/A
2579548,"April 22, 2023",Ohio,Columbus,"2900 block of Falcon Bridge Dr",1,0,0,0,1,N/A
2585272,"April 21, 2023",Louisiana,Houma,"1000 Block of Grand Caillou Rd",0,1,0,0,0,N/A
2578136,"April 21, 2023",Tennessee,Morristown,"4331 W Andrew Johnson Hwy",1,0,0,0,0,N/A
2578009,"April 21, 2023",Colorado,Denver,"2800 block of W 10th Ave",0,1,0,0,0,N/A
2578304,"April 21, 2023",Washington,"Seattle (Tukwila)","12059 46th Ave S",1,0,0,0,0,N/A
2578209,"April 20, 2023",Texas,"Wichita Falls",N/A,0,1,0,0,1,N/A
2578085,"April 20, 2023","North Carolina",Raleigh,"6600 block of Johnsdale Rd",0,1,0,0,0,N/A
2578993,"April 20, 2023",Michigan,Burton,N/A,0,1,0,0,0,N/A
2582021,"April 20, 2023",Florida,"Spring Hill","Nordica Rd",1,0,0,0,1,N/A
2577979,"April 20, 2023",Michigan,Detroit,"7300 block of Churchill St",0,1,0,0,0,N/A
2577870,"April 20, 2023",Illinois,Chicago,"700 block of E 79th St",0,1,0,0,0,N/A
2577865,"April 20, 2023",Illinois,Chicago,"2100 block of W Arthur Ave",0,1,0,0,0,N/A
2578655,"April 20, 2023",California,Lompoc,"N F St and E Cherry Ave",0,1,0,0,0,N/A
2577246,"April 20, 2023",Illinois,Chicago,"4200 block of S King Dr",0,1,0,0,0,N/A
2578015,"April 20, 2023",Louisiana,"Ville Platte","933 N Reed St",1,0,0,0,0,N/A
2578634,"April 19, 2023",Connecticut,Thomaston,"Woodruff Ave",0,1,0,0,0,N/A
2577485,"April 19, 2023",Texas,Houston,"1100 W Main St",0,0,0,0,1,N/A
2577364,"April 19, 2023",Michigan,Kalamazoo,"Olive St and Cameron St",0,1,0,0,0,N/A
2576905,"April 19, 2023",Georgia,"Savannah (Garden City)","109 Minus Ave",0,1,0,0,0,N/A
2578458,"April 19, 2023",Georgia,"Mount Airy","2115 Cody Rd",0,0,0,1,1,N/A
2577761,"April 19, 2023",Ohio,Columbus,"3700 block of Knightsway Lane",1,0,0,0,1,N/A
2576064,"April 18, 2023",Florida,Mims,"4000 block of Cinnamon Teal Dr",1,0,0,0,1,N/A
2574918,"April 17, 2023",Colorado,Aurora,"Fulton St",1,0,0,0,1,N/A
2575204,"April 17, 2023",Pennsylvania,Philadelphia,"5700 block of N 21st St",0,1,0,0,0,N/A
2574536,"April 17, 2023",California,Lompoc,"401 W Pine Ave",1,0,0,0,0,N/A
2574758,"April 17, 2023",Mississippi,Southaven,"1725 Dorchester Dr",0,1,0,0,0,N/A
2574624,"April 16, 2023","North Carolina","High Point","3300 block of Obsidian Ct",0,1,0,0,0,N/A
2575948,"April 16, 2023",Georgia,Brooklet,"1342 Arthur Nubern Jr Rd",1,0,0,1,1,N/A
2573660,"April 16, 2023",Michigan,Detroit,"Dexter Ave and Carter St",0,1,0,0,0,N/A
2575594,"April 16, 2023",Texas,Irving,N/A,0,1,0,0,0,N/A
2573624,"April 16, 2023",Indiana,Indianapolis,"10223 John Jay Dr",1,0,0,0,0,N/A
2574414,"April 16, 2023",Mississippi,"Ocean Springs","1013 Government St",0,1,0,0,0,N/A
2574294,"April 16, 2023",Illinois,Chicago,"9100 block of S Stoney Island Ave",0,1,0,0,0,N/A
2576217,"April 16, 2023","New Jersey","Monroe Township","Chestnut St",1,0,0,0,1,N/A
2575237,"April 16, 2023",Louisiana,"New Orleans","3200 block of General DeGaulle Dr",0,1,0,0,0,N/A
2573186,"April 15, 2023",Ohio,Cleveland,"3200 block of Marvin Ave",0,1,0,1,0,N/A
2573223,"April 15, 2023",Georgia,Atlanta,"3157 Peachtree Rd NE",0,1,0,0,0,N/A
2574044,"April 15, 2023",Georgia,Atlanta,"683 Lee St SW",0,0,0,1,0,N/A
2573872,"April 15, 2023",Virginia,Gladys,"7914 Lewis Ford Rd",0,1,0,0,2,N/A
2572873,"April 15, 2023",Maryland,Bladensburg,"4601 Annapolis Rd",0,1,0,0,0,N/A
2572620,"April 15, 2023",Minnesota,Minneapolis,"14th Ave S and E 18th Ave",0,1,0,0,0,N/A
2577197,"April 15, 2023","South Dakota","Sioux Falls","S Larch Ave",0,1,0,0,0,N/A
2572088,"April 14, 2023",Tennessee,Jackson,"12 Chipwood Dr",0,1,0,0,0,N/A
2571903,"April 14, 2023","North Carolina",Charlotte,"2500 block of O'Hara Dr",1,0,0,0,1,N/A
2572404,"April 13, 2023",Texas,Plano,"3900 block of W 15th St",0,1,0,0,0,N/A
2572294,"April 13, 2023","New Jersey",Hillside,"1527 Highland Ave",0,0,0,1,0,N/A
2572108,"April 13, 2023",Virginia,Emporia,"Cartwright Ct",0,1,0,0,1,N/A
2571373,"April 13, 2023",Tennessee,"Chattanooga (East Ridge)","1600 block of Glowmont Dr",0,1,0,0,0,N/A
2574631,"April 13, 2023",California,Redlands,"600 block of E Lugonia Ave",0,1,0,0,0,N/A
2571565,"April 13, 2023","North Carolina",Boone,"Councill St and East King St",0,1,0,0,0,N/A
2571852,"April 13, 2023",Illinois,Chicago,"2100 block of E 71st St",0,3,0,0,0,N/A
2571305,"April 13, 2023",Illinois,"East Saint Louis","1400 block of N 39th St",0,1,0,0,1,N/A
2571630,"April 13, 2023",Virginia,"Virginia Beach","3700 block of Whitney Ct",1,0,0,0,0,N/A
2572565,"April 13, 2023",Texas,Nacogdoches,"1800 block of North St",0,1,0,0,1,N/A
2570571,"April 12, 2023",Ohio,Middletown,"4501 Grand Ave",0,1,0,0,0,N/A
2601957,"April 12, 2023",Massachusetts,Springfield,"100 block of Belmont Ave",0,1,0,1,1,N/A
2570718,"April 12, 2023",Maine,"South Portland","B St",0,1,0,0,0,N/A
2570405,"April 11, 2023",Indiana,Lafayette,"3000 block of Phipps Ct",0,1,0,0,0,N/A
2624237,"April 10, 2023",Illinois,"Barrington (Lake Barrington)","100 block of Shoreline Rd",0,1,0,0,0,N/A
2568844,"April 9, 2023",Oklahoma,"Ponca City","2800 N 5th St",1,0,0,0,0,N/A
2568638,"April 9, 2023",Colorado,Aurora,"E Mississippi Ave and S Chambers Rd",0,1,0,0,0,N/A
2569822,"April 8, 2023",Wisconsin,"Green Bay","1300 block of Harvey St",0,1,0,0,1,N/A
2567847,"April 8, 2023","North Carolina","Rocky Mount",N/A,0,1,0,0,0,N/A
2567604,"April 8, 2023",California,Sacramento,"2000 block of South Ave",0,1,0,0,0,N/A
2567015,"April 8, 2023",Colorado,Denver,"5500 block of Abilene St",1,0,0,0,1,N/A
2567545,"April 8, 2023",Texas,Houston,"115 W Hamilton St",1,0,0,0,1,N/A
2567849,"April 8, 2023","North Carolina",Fairmont,"Powell St",1,0,0,0,0,N/A
2573369,"April 8, 2023",Ohio,Sandusky,N/A,0,1,0,0,0,N/A
2569341,"April 8, 2023",Ohio,Toledo,N/A,0,1,0,0,0,N/A
2567406,"April 8, 2023",Michigan,Detroit,"19400 block of Harned St",0,1,0,0,0,N/A
2566747,"April 7, 2023",Texas,Spring,"25700 block of White Springs Ct",1,0,0,0,0,N/A
2566462,"April 7, 2023",California,"West Hollywood","7111 Santa Monica Blvd",1,0,0,0,1,N/A
2567236,"April 7, 2023",Michigan,Detroit,"20000 block of Murray Hill St",1,0,0,0,0,N/A
2567088,"April 7, 2023",Texas,"Fort Worth","2100 block of Daniel St",1,0,0,0,0,N/A
2571080,"April 7, 2023","North Carolina",Greenville,N/A,0,1,0,0,1,N/A
2566771,"April 7, 2023",Pennsylvania,Philadelphia,"200 block of S 58th St",0,1,0,0,1,N/A
2566573,"April 6, 2023",Virginia,Petersburg,"2381 Navajo Ct",0,1,0,0,0,N/A
2624414,"April 6, 2023",Tennessee,"La Vergne",N/A,0,1,0,0,1,N/A
2565724,"April 6, 2023",Wisconsin,Trempealeau,"N15811 Klein Ln",1,0,0,0,0,N/A
2565916,"April 6, 2023","North Carolina",Winterville,"570 Forlines Rd",0,1,0,0,1,N/A
2566345,"April 6, 2023",Florida,Jacksonville,"7900 Siskin Ave",0,1,0,0,0,N/A
2566147,"April 6, 2023",Illinois,"Calumet City","200 block of Paxton Ave",1,0,0,0,0,N/A
2565962,"April 6, 2023",Maryland,"Montgomery Village","50 block of Docena Ct",0,1,0,0,0,N/A
2566582,"April 6, 2023",Virginia,"Newport News","1200 block of 26th St",1,0,0,0,0,N/A
2566051,"April 5, 2023","New Mexico",Farmington,"5305 Valley View Ave",1,0,0,0,0,N/A
2565269,"April 5, 2023",Missouri,"Kansas City","4500 block of Agnes Ave",1,0,0,0,0,N/A
2565880,"April 5, 2023","South Carolina",Laurens,"7872 SC-252",1,0,0,0,0,N/A
2565098,"April 5, 2023",Pennsylvania,Philadelphia,"3100 block of N Patton St",0,1,0,0,0,N/A
2566020,"April 5, 2023",Ohio,Columbus,"Bayspirit Dr and Candlestone Dr",0,1,0,0,0,N/A
2565479,"April 5, 2023",Texas,Houston,"15300 block of Ella Blvd",1,0,0,0,0,N/A
2565305,"April 4, 2023",Louisiana,"New Orleans","St Claude Ave and Press St",0,1,0,0,0,N/A
2577358,"April 4, 2023",Pennsylvania,Enola,"300 block of State St",0,1,0,0,1,N/A
2564007,"April 4, 2023",Texas,Arlington,"5300 block of Pocassett Dr",1,0,0,0,0,N/A
2564631,"April 4, 2023",Florida,"Daytona Beach","1200 W International Speedway Blvd",0,1,0,0,0,N/A
2563846,"April 3, 2023",Kentucky,Louisville,"Earl Ave and Colorado Ave",0,1,0,1,1,N/A
2564407,"April 3, 2023",Louisiana,Lafayette,"400 block of Breton Dr",1,0,0,0,0,N/A
2563499,"April 3, 2023",Tennessee,Chattanooga,"2500 block of Ocoee St",0,1,0,0,0,N/A
2563734,"April 3, 2023",Virginia,Portsmouth,"2500 block of Ash St",1,0,0,0,0,N/A
2564537,"April 3, 2023",Indiana,"Terre Haute","1701 S 3rd St",1,0,0,0,0,N/A
2563542,"April 2, 2023",Texas,Rosharon,"Bright Lotus Ln",0,1,0,0,0,N/A
2563265,"April 2, 2023",Texas,Quinlan,"2500 block of Private Rd 2410",0,1,0,0,0,N/A
2563938,"April 2, 2023",Washington,"Federal Way","1700 block of SW 309th St",0,1,0,0,0,N/A
2563426,"April 1, 2023",Ohio,Cincinnati,"1200 block of Gilsey Ave",0,1,0,0,0,N/A
2562479,"April 1, 2023",Kansas,Wichita,"200 block of S Minneapolis Ave",0,1,0,0,1,N/A
2571157,"April 1, 2023",Michigan,Belleville,"45601 S I-94 Service Dr",0,1,0,0,0,N/A
2582010,"April 1, 2023",Michigan,Linden,"14340 Hogan Rd",0,1,0,0,0,N/A
2563701,"April 1, 2023",Texas,Nacogdoches,"3121 North St",0,1,0,0,1,N/A
2601482,"April 1, 2023",Alabama,Huntsville,N/A,0,1,0,0,0,N/A
2562525,"April 1, 2023","Rhode Island",Woonsocket,"Cumberland St",0,1,0,1,1,N/A
2564226,"April 1, 2023",Connecticut,"Old Lyme","Portland Ave",0,1,0,0,1,N/A
2563872,"April 1, 2023",Kentucky,Hopkinsville,"S Virginia St and E 19th St",0,0,0,1,0,N/A
2607451,"April 1, 2023",Louisiana,Harvey,"Shannon Dr and Destrehan Ave",0,0,0,1,1,N/A
2562052,"March 31, 2023",Indiana,Vincennes,"409 E Locust St",1,0,0,0,1,N/A
2562233,"March 31, 2023",Illinois,"Rock Island","2500 block of 8th Ave",0,1,0,0,0,N/A
2564544,"March 31, 2023",Pennsylvania,"Oil City",US-62,0,1,0,0,0,N/A
2563725,"March 31, 2023",Texas,Bastrop,"1800 Walnut St",0,3,0,0,1,N/A
2560574,"March 30, 2023",Alabama,"Pell City","Stevens Dr",0,1,0,0,0,N/A
2560715,"March 30, 2023",Michigan,Detroit,"Westphalia St and E McNichols Rd",0,1,0,0,0,N/A
2561649,"March 30, 2023",Alabama,Dothan,"Pleasant Rd",0,1,0,0,0,N/A
2561573,"March 30, 2023",Arkansas,"Pine Bluff","1105 E 26th Ave",0,1,0,1,1,N/A
2560874,"March 30, 2023",Wisconsin,Milwaukee,"4900 block of N 84th St",0,1,0,0,1,N/A
2559834,"March 30, 2023","North Carolina","Winston Salem (Winston-salem)","2100 Silas Creek Pkwy",0,0,0,1,0,N/A
2560748,"March 30, 2023",Ohio,Hamilton,"900 block of Park Ave",1,0,0,0,0,N/A
2559149,"March 29, 2023",Ohio,Circleville,"S Court St",0,1,0,0,0,N/A
2569372,"March 29, 2023",Idaho,Paris,"30 N Main St",0,0,0,1,0,N/A
2559815,"March 29, 2023",Texas,"Fort Worth","2600 block of Aiken Ln",0,1,0,0,0,N/A
2557225,"March 28, 2023",Kentucky,Paducah,"600 block of S 28th St",0,1,0,0,0,N/A
2559085,"March 28, 2023",Mississippi,Meridian,"2500 block of Poplar Springs Dr",0,1,0,0,0,N/A
2557515,"March 28, 2023",Indiana,Lafayette,"2905 Westchester Ln W",1,0,0,0,0,N/A
2557001,"March 27, 2023",California,Bakersfield,"I-5 and Laval Rd",0,2,0,1,2,N/A
2555792,"March 27, 2023",Texas,"Port Arthur","3300 block of Twin City Hwy",0,1,0,0,0,N/A
2556430,"March 27, 2023",Texas,"Fort Worth","3800 block of Stalcup Rd",0,2,0,0,0,N/A
2556398,"March 27, 2023",Tennessee,Memphis,"4400 block of Boone Manjor Dr",0,1,0,0,1,N/A
2558218,"March 27, 2023",California,Oakland,"8900 block of MacArthur Blvd",0,2,0,0,0,N/A
2554990,"March 26, 2023","North Carolina","Rocky Mount","700 block of Eagles Terrace",0,1,0,0,0,N/A
2554674,"March 26, 2023",Wisconsin,Milwaukee,"W Locust St and N 26th St",0,1,0,0,0,N/A
2556748,"March 26, 2023","North Carolina",Wendell,"5400 block of Privette Rd",0,1,0,0,0,N/A
2554792,"March 26, 2023",Pennsylvania,Philadelphia,"2600 block of N Hollywood St",0,1,0,0,1,N/A
2554923,"March 25, 2023",Illinois,Seneca,"316 N. Main St",0,2,0,0,0,N/A
2554451,"March 24, 2023",Texas,Baytown,"2000 block of Garth Rd",0,1,0,0,0,N/A
2553594,"March 24, 2023",Tennessee,Chattanooga,"Wilcox Rd",0,1,0,0,0,N/A
2561169,"March 24, 2023",Utah,"Saint George","Riverside Dr",0,1,0,0,1,N/A
2554679,"March 24, 2023",Washington,Lakewood,"8956 Gravelly Lake Dr",0,1,0,0,1,N/A
2554052,"March 24, 2023",Georgia,Valdosta,"1100 block of Slater St",1,0,1,0,0,N/A
2555004,"March 23, 2023",Pennsylvania,"Beech Creek","Main St",0,1,0,0,0,N/A
2553287,"March 23, 2023",Alabama,Lanett,N/A,0,1,0,0,0,N/A
2552026,"March 22, 2023",Indiana,Indianapolis,"360 Sandra Ln",0,3,0,0,0,N/A
2552071,"March 22, 2023",Illinois,"La Salle","620 1st St",0,1,0,0,1,N/A
2552133,"March 22, 2023",Tennessee,Maryville,"2208 E Broadway Ave",0,1,0,0,0,N/A
2552490,"March 22, 2023",Alabama,Anniston,"1301 Woodstock Ave",0,1,0,0,0,N/A
2554099,"March 21, 2023",Colorado,Loveland,"1200 block of Paloverde Dr",0,1,0,0,1,N/A
2551438,"March 21, 2023",Ohio,Toledo,"1300 block of Woodruff Ave",0,1,0,0,0,N/A
2554741,"March 20, 2023",Texas,Victoria,"3100 block of Greenwood Dr",0,1,0,0,0,N/A
2551020,"March 20, 2023",Georgia,Carrollton,N/A,0,1,0,0,1,N/A
2550909,"March 20, 2023",California,Menifee,"7700 block of Watson Rd",1,0,0,0,1,N/A
2551480,"March 19, 2023","New York","Greenfield Center (Greenfield)","Howe Rd",1,0,0,0,0,N/A
2549851,"March 19, 2023",Kansas,Wichita,"1000 block of N Main St",0,1,0,0,0,N/A
2550227,"March 19, 2023",Utah,Tooele,"500 block of Sunset Ave",0,1,0,0,1,N/A
2551670,"March 19, 2023",Idaho,Moscow,"Styner Ave",0,1,0,0,0,N/A
2549855,"March 19, 2023",Minnesota,Minneapolis,N/A,0,1,0,0,0,N/A
2551511,"March 19, 2023",Missouri,Columbia,"700 block of Demaret Dr",0,2,0,0,0,N/A
2549752,"March 18, 2023",Illinois,Springfield,"1500 block of E Reynolds St",0,1,0,0,1,N/A
2549682,"March 18, 2023",Michigan,Lansing,"W Jolly Rd and S Waverly Rd",0,1,0,0,0,N/A
2549171,"March 18, 2023",Indiana,Indianapolis,"1900 block of E Washington St",0,2,0,0,1,N/A
2547898,"March 17, 2023",Florida,"Orlando (Pine Hills)","4100 block of White Heron Dr",1,0,0,0,0,N/A
2548654,"March 17, 2023",Colorado,Aurora,"1500 block of S Havana St",0,1,0,0,0,N/A
2547230,"March 16, 2023",Pennsylvania,"Long Pond","Shannon Dr",1,0,0,0,1,N/A
2548664,"March 16, 2023",Kansas,Topeka,"1300 block of SW Garfield Ave",1,0,0,0,1,N/A
2548034,"March 16, 2023",California,"San Francisco","Market St and Davis St",0,1,0,0,0,N/A
2557534,"March 15, 2023",Minnesota,Mankato,"1010 Patriot Ct",0,1,0,0,0,N/A
2546652,"March 15, 2023",Ohio,Middletown,"Trenton-Franklin Rd and Germantown Rd",0,2,0,0,0,N/A
2547347,"March 14, 2023",Connecticut,Hartford,"200 block of Barbour St",1,0,0,0,0,N/A
2546148,"March 13, 2023",Georgia,Athens,"700 US Hwy 29 N",0,1,0,0,0,N/A
2544687,"March 12, 2023",Texas,Houston,"9955 Bammel North Houston Rd",1,0,0,0,0,N/A
2543932,"March 11, 2023",Ohio,Cleveland,"3191 W 30th St",1,0,0,0,2,N/A
2544533,"March 11, 2023",Oklahoma,"Broken Arrow","3612 S Elm Pl",0,1,0,0,0,N/A
2543949,"March 11, 2023",Ohio,Columbus,"1200 block of Evergreen Rd",0,1,0,0,0,N/A
2543710,"March 11, 2023",Illinois,Chicago,"100 block of N Dearborn St",0,2,0,0,0,N/A
2545390,"March 10, 2023",Tennessee,Chattanooga,"975 E 3rd St",0,1,0,0,1,N/A
2543443,"March 10, 2023",Kentucky,Louisville,"2911 Taylor Blvd",0,0,0,0,0,N/A
2543512,"March 10, 2023",Texas,Houston,"2700 block of Reed Rd",0,2,0,1,0,N/A
2543934,"March 10, 2023",Illinois,Chicago,"2900 block of S State St",0,1,0,0,0,N/A
2543883,"March 10, 2023",Virginia,Richmond,"1600 block of Stockton St",1,0,0,0,1,N/A
2543648,"March 10, 2023",Illinois,Chicago,"11100 block of S Michigan Ave",0,2,0,0,0,N/A
2632321,"March 10, 2023","North Carolina",Tryon,N/A,1,0,0,0,1,N/A
2546655,"March 10, 2023","New Mexico",Portales,"South Roosevelt Rd 3",1,0,0,0,1,N/A
2542868,"March 9, 2023",Maryland,Waldorf,"3286 Crain Hwy",0,1,0,0,0,N/A
2542927,"March 9, 2023",Florida,"Saint Petersburg (Saint Pete Beach)","1900 block of 11th Ave",0,1,0,0,0,N/A
2542853,"March 9, 2023",Iowa,"West Des Moines","316 58th Ct",0,1,0,0,1,N/A
2542948,"March 9, 2023",Louisiana,Alexandria,"1900 block of Gus Kaplan Dr",0,1,0,0,0,N/A
2542910,"March 9, 2023",Ohio,Toledo,"3500 block of Upton Ave",0,1,0,0,0,N/A
2542831,"March 8, 2023",Virginia,Arlington,"1301 S Joyce St",0,1,0,0,1,N/A
2542309,"March 8, 2023",Wisconsin,Hartland,"WI-83 and Oakwood Rd",1,0,0,0,1,N/A
2542327,"March 8, 2023",Minnesota,Minneapolis,"3400 block of N Morgan Ave",0,0,0,1,1,N/A
2542145,"March 7, 2023",Indiana,Lafayette,"1400 block of N 15th St",0,1,0,0,0,N/A
2541555,"March 7, 2023",Tennessee,Memphis,"800 block of E Gage Ave",1,0,0,0,1,N/A
2572279,"March 7, 2023",Nevada,"North Las Vegas","700 block of Agate Ridge Dr",1,0,0,0,1,N/A
2541486,"March 6, 2023",Kentucky,Princeton,"500 block of E Shephardson St",0,0,0,1,0,N/A
2541458,"March 6, 2023",Tennessee,Nashville,"1003 block of Douglas Ave",0,1,0,0,0,N/A
2540460,"March 6, 2023",Texas,Amarillo,"NE 20th Ave and N Aurhur St",0,1,0,0,2,N/A
2539789,"March 6, 2023",Indiana,Indianapolis,"6000 block of Oak Ave",1,0,0,0,1,N/A
2542937,"March 6, 2023",Montana,"Wolf Creek","4000 block of Little Wolf Creek Rd",0,1,0,0,0,N/A
2542115,"March 5, 2023",California,"Grass Valley","Pleasant St",0,1,0,0,0,N/A
2541049,"March 5, 2023",Florida,Lakeland,"2455 Jim Galloway Rd",0,1,0,0,1,N/A
2540602,"March 5, 2023",Louisiana,"New Orleans","2900 block of Dickens Dr",0,1,0,0,0,N/A
2540776,"March 5, 2023",Missouri,"Park Hills (Desloge)","1208 N Desloge Dr",1,0,0,0,1,N/A
2541751,"March 5, 2023",Florida,Okeechobee,N/A,0,1,0,0,0,N/A
2539780,"March 5, 2023",Illinois,Chicago,"7900 block of S Ingleside Ave",0,1,0,0,0,N/A
2542521,"March 5, 2023",California,"Beverly Hills","8300 block of Wilshire Blvd",0,1,0,0,0,N/A
2540540,"March 5, 2023",Texas,Odessa,"6824 Cargo Rd",0,1,0,0,0,N/A
2539473,"March 4, 2023",Pennsylvania,Philadelphia,"5600 block of N 7th St",0,1,0,0,0,N/A
2539325,"March 4, 2023",Georgia,Macon,"Atlantic Ave",0,1,0,0,0,N/A
2539682,"March 4, 2023",Alabama,Russellville,"Gravel Hill Rd",1,0,0,0,0,N/A
2539622,"March 4, 2023",Louisiana,"Saint Helena (county)",N/A,0,1,0,0,1,N/A
2538498,"March 3, 2023",Texas,Houston,"W Alabama St and Post Oak Blvd",0,1,0,0,0,N/A
2546155,"March 3, 2023",Georgia,Roswell,"500 block of Wexford Hollow Run",0,1,0,0,1,N/A
2538165,"March 3, 2023",Tennessee,Memphis,"Dunlap St",0,1,0,0,0,N/A
2539405,"March 3, 2023","District of Columbia",Washington,"4800 block of N Capitol St NE",0,0,0,1,1,N/A
2538785,"March 3, 2023",Missouri,Rogersville,"Timber Meadows Dr",1,0,0,0,1,N/A
2538085,"March 3, 2023",Texas,"San Antonio","703 N San Marcos",0,1,0,0,0,N/A
2542442,"March 2, 2023",Louisiana,"Breaux Bridge",N/A,0,1,0,0,0,N/A
2537468,"March 1, 2023",Louisiana,"New Orleans","40 Westpark Ct",0,1,0,0,0,N/A
2537197,"March 1, 2023",Indiana,Goshen,"111 E Jefferson St",0,1,0,0,0,N/A
2536856,"February 28, 2023",Virginia,"Virginia Beach","5000 block of Finespun Last",1,0,0,0,1,N/A
2536595,"February 28, 2023",Tennessee,Memphis,"Giacosa Pl",1,0,0,0,0,N/A
2535633,"February 28, 2023",Texas,Katy,"1000 block of Apache Falls Dr",0,1,0,0,1,N/A
2536408,"February 28, 2023",Florida,"Coral Gables","2334 Ponce De Leon Blvd",0,1,0,0,0,N/A
2535982,"February 28, 2023",Illinois,Chicago,"5546 W Le Moyne St",1,0,0,0,1,N/A
2535971,"February 27, 2023",Virginia,Portsmouth,"100 block of Allard Rd",1,0,0,0,0,N/A
2535413,"February 27, 2023",Colorado,Delta,"US-50 and H-25 Rd",0,1,0,0,0,N/A
2535900,"February 26, 2023",Virginia,Manassas,"11100 block of Stagestone Way",0,1,0,0,0,N/A
2534377,"February 26, 2023",Texas,Houston,"6003 Richmond Ave",0,2,0,0,0,N/A
2534468,"February 26, 2023",Minnesota,Minneapolis,"2200 block of N Washington Ave",0,1,0,0,0,N/A
2534832,"February 26, 2023",Tennessee,Antioch,"Bell Rd",1,0,0,0,0,N/A
2534731,"February 26, 2023",Iowa,"Council Bluffs",N/A,0,1,0,0,0,N/A
2534716,"February 26, 2023",Indiana,Indianapolis,N/A,0,1,0,0,0,N/A
2533943,"February 25, 2023",Oklahoma,Tulsa,"2505 E 88th St",0,1,0,0,1,N/A
2534120,"February 25, 2023","North Carolina",Raleigh,"4325 Glenwood Ave",0,1,0,0,0,N/A
2534230,"February 25, 2023",California,Fresno,"400 block of San Pablo Ave",0,1,0,0,1,N/A
2536199,"February 25, 2023",Idaho,"Idaho Falls (Ammon)","E 49th S and S 45th E",0,1,0,0,0,N/A
2533864,"February 25, 2023",Missouri,"Saint Louis","3100 block of Miami St",0,1,0,0,0,N/A
2533290,"February 24, 2023",Minnesota,"Saint Paul",N/A,0,1,0,0,0,N/A
2534372,"February 24, 2023",Pennsylvania,Saegertown,"Lake Rd",0,1,0,0,0,N/A
2533531,"February 24, 2023",Virginia,Lynchburg,"1400 block of Monroe St",1,0,0,0,0,N/A
2561385,"February 24, 2023",Arkansas,"Hot Springs National Park (Hot Springs)","300 block of Autumn St",0,1,0,0,0,N/A
2532519,"February 23, 2023",Minnesota,"Minneapolis (Brooklyn Park)","8600 block of Edinbrook Crossing",0,1,0,0,0,N/A
2532767,"February 23, 2023",Florida,"Opa Locka","14500 block of NW 17th Path",1,0,0,0,1,N/A
2532426,"February 23, 2023","South Carolina",Georgetown,"400 Kaminski St",0,1,0,0,0,N/A
2533019,"February 23, 2023",Texas,Mercedes,"6833 Vera Ln",0,0,1,0,1,N/A
2532028,"February 22, 2023",Louisiana,Raceland,"2000 block of LA-182",1,0,0,0,0,N/A
2532193,"February 22, 2023",Washington,Reardan,"S Laurel St and W Summit Ave",1,0,0,0,1,N/A
2534896,"February 22, 2023","South Carolina",Abbeville,"Hwy 28 S and Industrial Park Rd",0,1,0,0,0,N/A
2532090,"February 22, 2023",California,Stockton,"900 block of W March Ln",0,1,0,0,1,N/A
2531917,"February 22, 2023","West Virginia",Huntington,"2700 block of Guyan Ave",1,0,0,0,0,N/A
2531870,"February 21, 2023",Pennsylvania,Allentown,"600 block of N Front St",1,0,0,0,0,N/A
2532758,"February 21, 2023",Nevada,"Las Vegas","3708 Las Vegas Blvd S",0,0,0,1,0,N/A
2530614,"February 21, 2023",Indiana,Lafayette,"1400 block of N 15th St",0,1,0,0,0,N/A
2530914,"February 21, 2023",Wisconsin,Milwaukee,"900 block of S 29th St",1,0,0,0,0,N/A
2530778,"February 20, 2023",Mississippi,"Calhoun City","County Road 361",1,0,0,0,0,N/A
2530747,"February 20, 2023",Texas,"Fort Worth","1800 E Robert St",0,1,0,0,0,N/A
2530330,"February 20, 2023",Kentucky,Hopkinsville,"2850 Greenville Rd",0,1,0,0,0,N/A
2529832,"February 20, 2023",Kansas,Wichita,"8401 W Kellogg Dr",0,1,0,0,0,N/A
2530929,"February 20, 2023",Kentucky,Louisville,"800 block of S 38th St",0,0,0,2,0,N/A
2529727,"February 19, 2023","South Carolina",Belton,"153 Range Rd",0,1,0,0,0,N/A
2530073,"February 19, 2023",Texas,Kaufman,N/A,0,1,0,0,0,N/A
2529371,"February 19, 2023",Tennessee,Nashville,"500 block of Summer Pl",1,0,0,0,1,N/A
2530022,"February 19, 2023",Oklahoma,"Oklahoma City","NW 10th St and N Gibson Ave",0,3,0,0,0,N/A
2529958,"February 19, 2023",Virginia,Roanoke,N/A,0,1,0,0,0,N/A
2529878,"February 19, 2023",Ohio,Cleveland,"12000 block of McGowan Ave",1,0,0,0,0,N/A
2529973,"February 19, 2023",Indiana,"Fort Wayne","4940 Bluffton Rd",1,0,0,0,2,N/A
2530409,"February 19, 2023",Idaho,Ririe,N/A,0,1,0,0,0,N/A
2529625,"February 19, 2023","New Mexico",Albuquerque,"5327 Montgomery Blvd NE",1,0,1,0,0,N/A
2530063,"February 18, 2023",Texas,Kemp,"FM 1391",0,1,0,0,0,N/A
2530019,"February 18, 2023",Oklahoma,"Oklahoma City","NW 115th St and N Rockwell Ave",0,1,0,0,0,N/A
2528382,"February 18, 2023",Georgia,Fayetteville,"Hickory Ave",0,1,0,0,1,N/A
2528955,"February 18, 2023",Oklahoma,"Oklahoma City","Westwood Blvd and SW 14th St",0,1,0,0,0,N/A
2530351,"February 18, 2023",Connecticut,Stratford,"Franklin Ave",0,1,0,0,0,N/A
2527832,"February 17, 2023",Virginia,Alexandria,"28 E Reed St",1,0,0,0,1,N/A
2529861,"February 17, 2023",California,Fresno,"N Marks Ave and W Dakota Ave",0,1,0,0,0,N/A
2527478,"February 17, 2023",Indiana,Indianapolis,"1600 block of Blankenship Dr",0,1,0,0,0,N/A
2527650,"February 17, 2023",Indiana,Indianapolis,"6020 E 82nd St",0,0,0,1,1,N/A
2528596,"February 17, 2023","North Carolina","Rocky Mount","400 block of E Thomas St",0,1,0,0,0,N/A
2537726,"February 16, 2023",Arkansas,"Hot Springs Village","3604 N Hwy 7",0,1,0,0,0,N/A
2531714,"February 16, 2023",Michigan,Clio,"13000 block of Neff Rd",0,1,0,0,1,N/A
2528619,"February 16, 2023",Mississippi,Gulfport,"11433 US-49",0,1,0,1,1,N/A
2527937,"February 16, 2023",Florida,"North Port","4200 block of Tollefson Ave",0,1,0,0,0,N/A
2527917,"February 16, 2023",Tennessee,Memphis,"2510 Peres Ave",0,1,0,0,1,N/A
2526696,"February 15, 2023",Oklahoma,"Oklahoma City","SW 85th St",0,1,0,0,0,N/A
2526586,"February 15, 2023",Florida,Deland,"2440 Nectarine Rd",1,0,0,0,0,N/A
2527329,"February 15, 2023",Ohio,Dayton,"Delaware Ave",0,1,0,0,1,N/A
2526087,"February 15, 2023",Virginia,Arlington,"1333 N Courthouse Rd",0,1,0,0,0,N/A
2525959,"February 14, 2023",Maryland,Bowie,"14400 Gallant Fox Rd",0,1,0,0,0,N/A
2526655,"February 14, 2023","South Carolina",Jacksonboro,"16483 Ace Basin Pkwy",0,1,0,0,0,N/A
2526444,"February 13, 2023",Indiana,"East Chicago","3610 Alder St",0,1,0,0,4,N/A
2524440,"February 13, 2023",Indiana,"East Chicago","3932 Butternut St",0,1,0,0,1,N/A
2541011,"February 13, 2023",Florida,"Defuniak Springs",N/A,0,0,0,1,1,N/A
2525283,"February 13, 2023",Louisiana,"New Orleans","3000 block of St. Roch Ave",1,0,0,0,1,N/A
2532185,"February 13, 2023",Missouri,Vandalia,"E Bland St",0,1,0,0,0,N/A
2525065,"February 13, 2023",Oregon,Salem,"Arbon Dr and Vallejo St NE",1,2,0,0,0,N/A
2525923,"February 13, 2023",Texas,"San Antonio","1200 block of Enrique M Barrera Pkwy",0,1,0,0,0,N/A
2524633,"February 13, 2023",Texas,Dalhart,"2100 Spirit Trl",1,0,0,0,0,N/A
2523960,"February 12, 2023","North Carolina",Charlotte,"9800 block of Coriander Ct",1,0,0,0,1,N/A
2526877,"February 12, 2023",Pennsylvania,Pittsburgh,"1200 block of Superior Ave",0,1,0,0,0,N/A
2524236,"February 12, 2023",Missouri,"Kansas City","1125 Locust St",0,1,0,0,0,N/A
2524057,"February 12, 2023",Texas,Austin,"E Riverside Dr and Burton Dr",0,1,0,0,0,N/A
2523655,"February 12, 2023",Maryland,Baltimore,"3800 block of Belair Rd",0,1,0,0,0,N/A
2524304,"February 12, 2023",Texas,Dallas,"2626 Commerce St",0,1,0,0,2,N/A
2525905,"February 12, 2023","North Carolina","Cerro Gordo","2780 Cedar Grove Church Rd",0,1,0,0,0,N/A
2523599,"February 12, 2023","South Carolina",Gaffney,"125 Beltline Rd",1,0,0,0,0,N/A
2524583,"February 11, 2023",Tennessee,Memphis,"1600 block of Winchester Rd",0,0,0,1,0,N/A
2523289,"February 11, 2023",Iowa,"Council Bluffs","100 block of S 23rd St",0,1,0,0,0,N/A
2523730,"February 11, 2023",Tennessee,Chattanooga,"500 block of Arlington Ave",0,1,0,0,0,N/A
2570201,"February 11, 2023",Georgia,Athens,"1465 US-29 N",1,0,0,0,0,N/A
2523283,"February 11, 2023",Virginia,"Virginia Beach","1008 Mineola Dr",1,0,0,0,1,N/A
2522858,"February 9, 2023",Georgia,Temple,"8000 block of Buchanan Dr",0,0,0,1,0,N/A
2523193,"February 9, 2023",Pennsylvania,Berwick,"1908 Fairview Ave",0,0,0,1,2,N/A
2521857,"February 9, 2023",Illinois,Decatur,"N Haworth Ave and W Main St",1,1,0,0,1,N/A
2522312,"February 9, 2023","North Carolina",Pinetops,"200 block of E Lashley St",0,1,0,0,0,N/A
2522308,"February 9, 2023","North Carolina","Winston Salem (Winston-salem)","900 block of Bethabara Pointe Cir",0,2,0,0,0,N/A
2521322,"February 8, 2023",Alabama,Mobile,"7000 block of Golster Ct",0,1,0,0,2,N/A
2521802,"February 8, 2023",Pennsylvania,Shamokin,"E Spruce St",0,1,0,0,1,N/A
2521688,"February 8, 2023",Colorado,Aurora,N/A,0,1,0,0,0,N/A
2522882,"February 8, 2023",California,"Big Bear Lake (Big Bear)","42800 block of Big Bear Blvd",0,1,0,0,0,N/A
2521027,"February 7, 2023","West Virginia",Fairmont,"Oregon Ave",0,1,0,0,0,N/A
2520999,"February 7, 2023",Mississippi,Biloxi,"258 Stennis Dr",0,1,0,0,0,N/A
2520990,"February 7, 2023",Georgia,Fairburn,"5500 block of Hilltop Pass",0,1,0,0,0,N/A
2521751,"February 7, 2023",Indiana,Portage,"100 block of Coral Ave",1,0,0,0,0,N/A
2520845,"February 7, 2023",Minnesota,Glenville,"151 E Fifth St",0,1,0,0,0,N/A
2520366,"February 7, 2023",California,"Los Angeles","Victory Blvd and Tyrone Ave",0,0,0,1,0,N/A
2519846,"February 7, 2023",Texas,Temple,"2700 block of S General Bruce Dr",0,1,0,0,0,N/A
2520269,"February 7, 2023",Illinois,Chicago,"7700 S Honore St",0,1,0,0,0,N/A
2520569,"February 6, 2023",Texas,Tyler,"1600 block of W Mims St",1,0,0,1,3,N/A
2519385,"February 6, 2023",Wisconsin,Milwaukee,"2200 block of S 17th St",0,1,0,0,1,N/A
2519802,"February 6, 2023",Delaware,Middletown,"1080 Bunker Hill Rd",0,0,0,0,1,N/A
2519759,"February 6, 2023",Illinois,Chicago,"5901 W Huron St",0,1,0,0,0,N/A
2518743,"February 5, 2023",Louisiana,Chalmette,"400 block of E Solidelle St",1,0,0,0,1,N/A
2518342,"February 5, 2023",Indiana,Lafayette,"1400 block of Broadway St",0,1,0,0,0,N/A
2518327,"February 5, 2023",Maryland,Frederick,"4537 Metropolitan Ct",0,1,0,0,0,N/A
2517748,"February 4, 2023",Kentucky,Lexington,"1101 E New Circle Rd",0,1,0,0,1,N/A
2519338,"February 4, 2023",Pennsylvania,Harrisburg,"300 block of Hummel St",0,1,0,0,0,N/A
2520193,"February 3, 2023",Wisconsin,Madison,"55 S Gammon Rd",0,1,0,0,0,N/A
2523793,"February 3, 2023",Colorado,Delta,CO-348,0,1,0,0,1,N/A
2518419,"February 3, 2023",Indiana,"New Albany","Gray Brook Ln and Morgan Ave",0,2,0,0,1,N/A
2517432,"February 3, 2023",Texas,Wharton,N/A,1,0,0,0,0,N/A
2516846,"February 2, 2023",Ohio,Columbus,"Dana Dr",0,2,0,0,0,N/A
2517173,"February 1, 2023",Florida,Wildwood,"710 Lee St",0,1,0,0,1,N/A
2518079,"February 1, 2023",Mississippi,Kosciusko,"Fenwick St",0,1,0,0,1,N/A
2516395,"February 1, 2023","District of Columbia",Washington,"Sheriff Rd NE and Eastern Ave NE",0,1,0,0,0,N/A
2515578,"January 31, 2023","New York",Brooklyn,"325 Bristol St",0,1,0,0,0,N/A
2514644,"January 29, 2023",Indiana,"Mc Cordsville (Mccordsville)","N Rosewood Dr",0,1,0,0,0,N/A
2514088,"January 29, 2023",Florida,Brooksville,"Cobb Rd",0,1,0,1,0,N/A
2513961,"January 29, 2023",Louisiana,"New Orleans","8000 block of Curran Blvd",1,0,0,0,1,N/A
2514408,"January 29, 2023",Missouri,"Saint Louis","1000 block of LaSalle Park Ct",0,1,0,0,0,N/A
2514112,"January 29, 2023","District of Columbia",Washington,"800 block of Chesapeake St SE",1,0,0,0,0,N/A
2514229,"January 29, 2023",Pennsylvania,"Upper Darby","2407 Marshall Rd",1,0,0,0,1,N/A
2515416,"January 28, 2023","South Carolina",Orangeburg,"Myers Rd",0,2,0,0,0,N/A
2514239,"January 28, 2023",Louisiana,Shreveport,"2700 block of Parkridge St",0,1,0,0,0,N/A
2514237,"January 28, 2023",Georgia,"Towns (county)",N/A,0,1,0,0,0,N/A
2514218,"January 28, 2023",Georgia,Athens,"Creek Hollow Way",0,1,0,0,0,N/A
2513203,"January 28, 2023","District of Columbia",Washington,"1800 block of 28th Pl SE",0,1,0,0,0,N/A
2513765,"January 28, 2023",Kansas,Marysville,"W 239th St and Lookout Rd",0,1,0,0,0,N/A
2513908,"January 27, 2023",Alabama,Northport,"Knoll Cir",0,1,0,0,0,N/A
2525312,"January 27, 2023",Pennsylvania,Levittown,"Vitaloak Ln",0,1,0,0,0,N/A
2513191,"January 27, 2023",Arizona,"Bullhead City","1600 Silver Creek Rd",0,1,0,1,1,N/A
2515930,"January 25, 2023","New Mexico",Albuquerque,"Central Ave SE and San Pedro Dr SE",0,1,0,0,4,N/A
2511210,"January 25, 2023",Florida,"Hialeah (Miami Lakes)","6800 block of Cassia Dr",0,1,0,0,0,N/A
2512119,"January 24, 2023",Maryland,Hughesville,"6900 block of Maxwell Dr",0,1,0,0,0,N/A
2511557,"January 24, 2023",Colorado,Arvada,"5318 Sheridan Blvd",0,1,0,0,0,N/A
2511848,"January 24, 2023",Pennsylvania,Easton,"1200 block of Ferry St",0,1,0,0,0,N/A
2510791,"January 24, 2023",Maryland,Baltimore,"3300 block of Clifton Ave",0,2,0,0,0,N/A
2546314,"January 23, 2023",Utah,Tooele,N/A,0,1,0,0,0,N/A
2509890,"January 23, 2023",Arkansas,Jonesboro,N/A,0,1,0,0,0,N/A
2509887,"January 23, 2023","District of Columbia",Washington,"Pomeroy Rd SE and Stanton Rd SE",0,1,0,0,0,N/A
2509832,"January 23, 2023",Indiana,Kokomo,"1300 block E Mulberry",0,1,0,0,0,N/A
2509052,"January 23, 2023",Texas,Humble,"7400 Mustang Corral Dr",0,0,1,0,0,N/A
2509528,"January 23, 2023",Louisiana,Shreveport,"6400 block of Faust Dr",0,1,0,0,0,N/A
2510382,"January 23, 2023",Pennsylvania,Erie,"1200 block of W 20th St",0,1,0,0,1,N/A
2510317,"January 23, 2023",Pennsylvania,"Drexel Hill","700 block of Stanbridge Rd",0,1,0,0,0,N/A
2511804,"January 23, 2023",Arkansas,"Little Rock","Vine St and W Monroe Ave",0,1,0,0,0,N/A
2509944,"January 23, 2023",Illinois,Chicago,"S Morgan St and W 83rd St",0,1,0,0,0,N/A
2511568,"January 22, 2023",Alabama,Mobile,N/A,1,0,0,0,0,N/A
2508945,"January 22, 2023",Texas,"Fort Worth","3700 block of Neches St",1,0,0,0,1,N/A
2508214,"January 22, 2023",Colorado,"Colorado Springs","2165 Academy Pl",0,1,0,0,0,N/A
2509247,"January 22, 2023",Illinois,Kewanee,"800 block of Birch Pl",0,1,0,0,0,N/A
2508206,"January 22, 2023","North Carolina",Charlotte,"7400 William Reynolds Dr",1,0,0,0,1,N/A
2508054,"January 22, 2023",Indiana,Indianapolis,"4259 Burkhart Dr",1,0,0,0,0,N/A
2512397,"January 22, 2023","South Carolina",Florence,"300 block of Royal St",0,1,0,0,0,N/A
2513424,"January 21, 2023",Ohio,"North Ridgeville","Soaring Court",0,1,0,0,0,N/A
2508839,"January 21, 2023",Georgia,Atlanta,"804 Moreland Ave SE",0,1,0,0,0,N/A
2507232,"January 21, 2023",Indiana,Indianapolis,"4100 block of E 21st St",0,1,0,0,0,N/A
2552044,"January 21, 2023",Illinois,Danville,N/A,0,1,0,0,0,N/A
2507333,"January 21, 2023",Georgia,Douglasville,"5820 Plaza Pkwy",0,1,0,0,0,N/A
2507353,"January 21, 2023",Michigan,Detroit,"2900 block of Kendall St",0,1,0,0,0,N/A
2509684,"January 21, 2023",Kansas,"Geuda Springs","1600 block of E 80th St",1,0,0,0,0,N/A
2511008,"January 21, 2023",Texas,Wylie,"200 block of Lake Wichita Dr",0,1,0,0,1,N/A
2509045,"January 21, 2023","West Virginia","Saint Albans","700 block of High St",0,1,0,0,0,N/A
2508988,"January 21, 2023",Alabama,Mobile,"5089 Government Blvd",0,1,0,0,0,N/A
2506519,"January 20, 2023",Pennsylvania,Philadelphia,"1600 block of N 18th St",0,1,0,0,0,N/A
2506527,"January 19, 2023",Louisiana,Jennings,"Gallup St",1,0,0,0,0,N/A
2506512,"January 19, 2023",Illinois,Chicago,"1400 block of E 87th St",0,1,0,0,0,N/A
2506191,"January 19, 2023",Minnesota,Minneapolis,"8200 block of Queen Ave S",0,1,0,0,0,N/A
2506218,"January 18, 2023","South Carolina",Bishopville,"520 S Lee St",1,0,0,0,0,N/A
2505001,"January 18, 2023",Florida,"Fort Lauderdale (Sunrise)","16001 W State Rd 84",0,1,0,0,0,N/A
2506614,"January 18, 2023",Arizona,"Bullhead City","1100 block of Juanita Ln",1,1,0,0,0,N/A
2505036,"January 18, 2023",Illinois,Chicago,"8620 S Stony Is Ave",0,1,0,0,0,N/A
2506545,"January 17, 2023",Montana,Gardiner,N/A,0,1,0,0,0,N/A
2504910,"January 17, 2023","New Jersey",Elizabeth,"70 block of W Jersey St",0,1,0,0,0,N/A
2504560,"January 17, 2023",Missouri,"Saint Louis","5500 block of Thrush Ave",0,1,0,0,0,N/A
2506863,"January 16, 2023",California,Vallejo,N/A,0,1,0,0,0,N/A
2510397,"January 16, 2023",Missouri,Kirksville,"2101 N Lincoln St",0,1,0,0,0,N/A
2504228,"January 16, 2023",Texas,Denison,"500 block of Dean Dr",0,1,0,0,0,N/A
2522494,"January 16, 2023",Michigan,Flint,"Chippewa St",1,0,0,0,1,N/A
2504967,"January 16, 2023",Oregon,"Saint Helens","McMichael Ave",1,0,0,0,0,N/A
2504082,"January 16, 2023",Pennsylvania,Philadelphia,"Levick St and Akron St",1,2,0,0,0,N/A
2502731,"January 15, 2023","North Carolina",Goldsboro,"Fairview Cir",0,1,0,0,0,N/A
2503085,"January 15, 2023",Illinois,Chicago,"6000 block of S Stewart Ave",0,1,0,1,0,N/A
2504860,"January 15, 2023",Ohio,"North Bloomfield","9100 block of SR 45",0,1,0,0,0,N/A
2502603,"January 14, 2023",Minnesota,"Saint Paul","200 block of Arch St E",0,1,0,0,0,N/A
2502495,"January 14, 2023",Texas,Humble,"6100 block of Nueces Park Rd",1,0,0,0,0,N/A
2502331,"January 14, 2023",Maryland,Gaithersburg,"Rolling Rd",0,1,0,0,0,N/A
2502714,"January 14, 2023",Illinois,Chicago,"3200 block of W 85th St",0,1,0,0,0,N/A
2502396,"January 14, 2023","South Carolina",Andrews,"W Myrtle Rd",0,1,0,0,0,N/A
2504794,"January 13, 2023",Oklahoma,"Oklahoma City",N/A,1,0,0,0,0,N/A
2501079,"January 12, 2023",Kansas,Wichita,"N Lorraine Ave and E 11th St N",0,1,0,0,0,N/A
2501084,"January 12, 2023",Minnesota,Minneapolis,"4000 block of 25th Ave S",0,1,0,0,0,N/A
2500807,"January 12, 2023",Maryland,Riva,"421 Porpoise Ln",0,1,0,0,0,N/A
2500840,"January 11, 2023",Texas,Lubbock,"4300 block of Canton Ave",1,0,0,0,1,N/A
2500542,"January 10, 2023",Kentucky,Stanford,"101 Old Fort Rd",0,1,0,0,0,N/A
2500309,"January 10, 2023","New Mexico",Albuquerque,"6900 Zuni Rd SE",0,1,0,1,1,N/A
2501513,"January 10, 2023",Texas,Austin,"2000 block of Willow Creek Dr",1,0,0,0,1,N/A
2503424,"January 10, 2023","New Mexico",Albuquerque,"304 Indiana St SE",0,1,0,0,1,N/A
2499922,"January 10, 2023",Louisiana,"Baton Rouge","5151 Highland Rd",0,1,0,0,0,N/A
2500151,"January 9, 2023",Colorado,"Denver (Northglenn)","10700 block of Huron St",1,0,0,0,1,N/A
2498889,"January 9, 2023",Minnesota,"Minneapolis (Edina)","10 Southdale Center",0,1,0,0,0,N/A
2499617,"January 9, 2023",Wyoming,Cheyenne,"1400 Dell Range Blvd",1,0,0,0,1,N/A
2499409,"January 9, 2023","North Dakota",Fargo,"5300 block of 20th St S",0,1,0,0,0,N/A
2498344,"January 8, 2023",Texas,Corsicana,"1615 W 1st Ave",1,0,0,0,0,N/A
2509348,"January 8, 2023",Illinois,Joliet,"400 block of Irving St",0,1,0,0,1,N/A
2498314,"January 8, 2023",Florida,Tampa,"2600 block of E 111th Ave",1,1,0,0,1,N/A
2498510,"January 8, 2023",Louisiana,"New Orleans","Hayne Blvd and Michigan St",1,0,0,0,0,N/A
2497719,"January 7, 2023","New York",Bronx,"Findlay Ave and E 169th St",0,1,0,0,0,N/A
2498373,"January 7, 2023",Arizona,Phoenix,"N 19th Ave and W Indian School Rd",0,1,0,0,0,N/A
2497673,"January 7, 2023",Arkansas,"Little Rock","111 W Markham St",0,1,0,0,0,N/A
2497671,"January 7, 2023",Michigan,"Grand Rapids","1900 block of Willard Ave",0,1,0,0,0,N/A
2505193,"January 7, 2023",Montana,"Three Forks","337 Logan Trident Rd",0,1,0,0,0,N/A
2498394,"January 7, 2023",Pennsylvania,"Coudersport (Summit)","Sportsman Rd",0,1,0,0,0,N/A
2497843,"January 7, 2023","New York",Remsen,"Old Sage Rd",0,1,0,0,0,N/A
2497485,"January 6, 2023",Iowa,"Fort Dodge","1801 Third Ave S",0,1,0,0,2,N/A
2500159,"January 6, 2023","South Carolina",Conway,"1700 block of Church St",0,1,0,0,0,N/A
2496773,"January 6, 2023",Indiana,Indianapolis,"200 block of Berwick Ave",0,1,0,0,0,N/A
2496319,"January 5, 2023",Illinois,Chicago,"2750 W Columbus Ave",0,1,0,0,0,N/A
2496707,"January 5, 2023","North Carolina",Raleigh,"3200 block of Harmony Ct",1,0,0,0,1,N/A
2509104,"January 5, 2023",Indiana,Indianapolis,"8000 block of Wysong Dr",0,1,0,0,1,N/A
2495719,"January 4, 2023",Michigan,Holly,"6200 block of Grange Hall Rd",0,1,0,0,0,N/A
2496899,"January 4, 2023",Florida,Crestview,FL-85,0,0,0,1,1,N/A
2496137,"January 4, 2023",Massachusetts,"West Springfield","Irving St",0,1,0,0,0,N/A
2494974,"January 4, 2023",Texas,Orange,"7800 block of Greenwood Dr",0,1,0,0,0,N/A
2496245,"January 4, 2023",Illinois,Joliet,"600 block of Clement St",0,1,0,1,0,N/A
2496615,"January 4, 2023",Georgia,Decatur,"2381 Columbia Dr",0,1,0,0,0,N/A
2496510,"January 4, 2023",Ohio,"Mineral City","Tabor Ridge Road NE",1,0,0,0,0,N/A
2494320,"January 3, 2023","North Carolina",Durham,"3700 block of Britt St",0,2,0,0,0,N/A
2494389,"January 3, 2023",California,Fresno,"4100 block of N Blythe Ave",1,0,0,0,1,N/A
2495352,"January 3, 2023","North Carolina",Charlotte,"8700 University Executive Park Dr",0,0,0,1,1,N/A
2526101,"January 3, 2023",Florida,"Port Charlotte",N/A,0,0,0,1,1,N/A
2493926,"January 3, 2023",Illinois,Chicago,"9735 S Woodlawn Ave",0,1,0,0,0,N/A
2494513,"January 3, 2023",Indiana,Indianapolis,"6020 E 82nd St",1,1,0,0,0,N/A
2493676,"January 2, 2023","New York",Bronx,"2501 Grand Concourse",0,1,0,0,0,N/A
2493485,"January 2, 2023",Kansas,Topeka,"400 block of SE Leland Ave",0,1,0,0,0,N/A
2494155,"January 2, 2023",Indiana,Indianapolis,"2400 block of W Arlington Ct",1,0,0,0,0,N/A
2493708,"January 2, 2023",Ohio,Toledo,"1200 block of Slater St",0,1,0,0,0,N/A
2495411,"January 1, 2023",Texas,Laredo,"Pearl Stone Rd and Palermo Dr",0,1,0,0,0,N/A
2492895,"January 1, 2023",Illinois,Chicago,"9400 block of S Wallace St",1,0,0,0,0,N/A
2493068,"January 1, 2023",Texas,Houston,"6405 W Bellfort Blvd",0,1,0,0,0,N/A
2492527,"January 1, 2023",Wisconsin,Racine,"1111 Washington Ave",2,0,0,0,1,N/A
2498261,"January 1, 2023","New Mexico",Chimayo,"Co Rd 93",1,0,0,0,0,N/A
2492702,"January 1, 2023",Indiana,Kokomo,"2300 block of Walton Lake Dr",0,1,0,0,0,N/A
2492427,"January 1, 2023",Michigan,Lawrence,"57000 block of 60th Ave",2,0,0,0,1,N/A
2493378,"January 1, 2023",Texas,Baytown,"5800 block of Sheppard Rd",0,1,0,0,0,N/A
2496192,"January 1, 2023",Arizona,Nogales,"Kitchen St",0,1,0,0,0,N/A
2492217,"January 1, 2023",Pennsylvania,Philadelphia,"3400 block of Salmon St",0,1,0,0,0,N/A
2493646,"January 1, 2023",Ohio,"Columbus (Whitehall)","E Main St and S Hamilton Rd",0,1,0,0,0,N/A
2493027,"January 1, 2023",Texas,"Corpus Christi","6602 Everhart Rd",1,0,0,0,2,N/A
2494008,"January 1, 2023",Georgia,Atlanta,"2300 block of Hill St",0,1,0,0,0,N/A
2493945,"January 1, 2023",Georgia,Atlanta,"74 Alabama St",0,1,0,0,0,N/A
2492418,"January 1, 2023",Indiana,Indianapolis,"2400 block of Centennial St",0,1,0,0,0,N/A
2493056,"January 1, 2023",Texas,Arlington,"200 block of Roberts Cir",0,1,0,0,0,N/A
2492705,"January 1, 2023","North Carolina",Charlotte,"900 block of Moretz Ave",1,0,0,0,0,N/A
2492351,"January 1, 2023",Georgia,Atlanta,"Peachtree St and Wall St",0,1,0,0,0,N/A
2494829,"January 1, 2023",California,Adelanto,N/A,1,0,0,0,0,N/A
2493085,"January 1, 2023",Texas,Houston,"4600 Old Spanish Trl",0,1,0,0,0,N/A